"id_es","chr_authorname","id_study","chr_country","is_USA","chr_language","is_English","is_school_context","is_article","is_RCT","id_sample","id_condition","cat_M_type","cat_R_type","cat_condition_type","chr_condition_name","chr_grade","is_secondary","ave_age","pct_struggle_reader","pct_disability","pct_lowSES","pct_SLL","pct_boy","pct_minority","is_scripted","is_small_group","is_school_staff","num_dosage_total","num_dosage_session_num","num_dosage_session_length","is_fidelity","chr_measure_name","is_measure_std","m_pre","sd_pre","n_pre","m_post","sd_post","n_post","m_delayed","sd_delayed","n_delayed","num_month_of_delayed","r_pre_post","r_pre_delay"
2,"Orkin et al., 2017","101","USA","USA","English","English","After school Program","peer reviewed paper","RCT","101","101Ncm","N","cm","1","Intervention group","2.71","Elementary",8.42,1,"0.91666666666666663",NA,NA,0.416666666666667,NA,"Yes (Including CAI)","small group (3–7 students)","School Staff",3000,25,120,"Reported","SRI PC = Standard Reading Inventory, Passage Comprehension;","YES - standardized",8.17,2.51,24,9.54,2.93,24,NA,NA,NA,NA,NA,NA
3,NA,NA,NA,NA,NA,NA,NA,NA,NA,"101","101cm",NA,"cm","ctl","Control group","1.83","Elementary",7.96,1,"0.95652173913043481",NA,NA,0.478260869565217,NA,"Yes (Including CAI)","small group (3–7 students)","School Staff",3000,25,120,"Reported","SRI PC = Standard Reading Inventory, Passage Comprehension;","YES - standardized",8,2.24,23,8.17,2.31,23,NA,NA,NA,NA,NA,NA
4,"Toste et al., 2019","102","USA","USA","English","English","School Environment","peer reviewed paper","RCT","102","102c",NA,"c","1","MWR","4, 5","Elementary",10,1,NA,0.88235294117647,0.117647058823529,0.529411764705882,0.941176470588235,"Yes (Including CAI)","small group (3–7 students)","Research Staff",1600,40,40,"Reported","WJIII PC","YES - standardized",88.91,8.96,34,88.91,8.91,34,NA,NA,NA,NA,NA,NA
5,NA,NA,NA,NA,NA,NA,NA,NA,NA,NA,NA,NA,NA,NA,NA,NA,NA,NA,NA,NA,NA,NA,NA,NA,NA,NA,NA,NA,NA,NA,NA,"GMRT-RC","YES - standardized",88.86,12.3,34,91.98,9.34,34,NA,NA,NA,NA,NA,NA
6,NA,NA,NA,NA,NA,NA,NA,NA,NA,"102","102GTc","GT","c","2","MWR+MB","4, 5","Elementary",9.92105263157895,1,NA,0.894736842105263,0.31578947368421,0.473684210526316,0.973684210526316,"Yes (Including CAI)","small group (3–7 students)","Research Staff",1600,40,40,"Reported","WJIII PC","YES - standardized",86.79,6.96,38,91.16,7.53,38,NA,NA,NA,NA,NA,NA
7,NA,NA,NA,NA,NA,NA,NA,NA,NA,NA,NA,NA,NA,NA,NA,NA,NA,NA,NA,NA,NA,NA,NA,NA,NA,NA,NA,NA,NA,NA,NA,"GMRT-RC","YES - standardized",89.3,10.49,38,91.88,6.38,38,NA,NA,NA,NA,NA,NA
8,NA,NA,NA,NA,NA,NA,NA,NA,NA,"102","102bau",NA,NA,"ctl","BAU","4, 5","Elementary",9.95945945945946,1,NA,0.918918918918919,0.351351351351351,0.45945945945946,0.972972972972973,NA,NA,NA,NA,NA,NA,NA,"WJIII PC","YES - standardized",87.19,6.97,37,89.06,6.59,36,NA,NA,NA,NA,NA,NA
9,NA,NA,NA,NA,NA,NA,NA,NA,NA,NA,NA,NA,NA,NA,NA,NA,NA,NA,NA,NA,NA,NA,NA,NA,NA,NA,NA,NA,NA,NA,NA,"GMRT-RC","YES - standardized",91.31,9.97,36,90.8,7.82,36,NA,NA,NA,NA,NA,NA
10,"Toste et al., 2017","103","USA","USA","English","English","School Environment","peer reviewed paper","RCT","103","103c",NA,"c","2","MWR only","3, 4","Elementary",8.83898305084746,1,NA,0.6875,NA,0.491525423728814,0.9125,"Yes (Including CAI)","small group (3–7 students)","Research Staff",840,24,35,"Reported","WRAT4 - Sentence comprehension","YES - standardized",98.33,10.6,18,97.17,7.9,18,NA,NA,NA,NA,NA,NA
11,NA,NA,NA,NA,NA,NA,NA,NA,NA,"103","103Tc","T","c","1","MWR + MB","3, 4","Elementary",8.83898305084746,1,NA,0.6875,NA,0.491525423728814,0.9125,"Yes (Including CAI)","small group (3–7 students)","Research Staff",960,24,40,"Reported","WRAT4 - Sentence comprehension","YES - standardized",94.89,9.64,19,100.47,9.97,19,NA,NA,NA,NA,NA,NA
12,NA,NA,NA,NA,NA,NA,NA,NA,NA,"103","103bau",NA,NA,"ctl","BAU","3, 4","Elementary",8.83898305084746,1,NA,0.6875,NA,0.491525423728814,0.9125,NA,NA,NA,NA,NA,NA,NA,"WRAT4 - Sentence comprehension","YES - standardized",90.36,10.61,22,94.91,14.33,21,NA,NA,NA,NA,NA,NA
13,"Berkeley et al., 2011","104","USA","USA","English","English","School Environment","peer reviewed paper","RCT","104","104NTm","NT","m","1","RCS + AR","7, 8, 9","Secondary",14.7375,1,"1",NA,0.3,0.75,0.75,"Yes (Including CAI)","small group (3–7 students)","Research Staff",360,12,30,"Reported","Summary test","NO - Not standardized",3.8,1.28,20,7.5,2.18,20,"6.61",2.91,20,1.5,NA,NA
14,NA,NA,NA,NA,NA,NA,NA,NA,NA,NA,NA,NA,NA,NA,NA,NA,NA,NA,NA,NA,NA,NA,NA,NA,NA,NA,NA,NA,NA,NA,NA,"Passage test","NO - Not standardized",6.55,2.28,20,8.95,3.49,20,"9.5299999999999994",4.01,20,1.5,NA,NA
15,NA,NA,NA,NA,NA,NA,NA,NA,NA,"104","104Nm","N","m","2","RCS","7, 8, 9","Secondary",14.7375,1,"1",NA,0.421052631578947,0.578947368421053,0.947368421052632,"Yes (Including CAI)","small group (3–7 students)","School Staff",360,12,30,"Reported","Summary test","NO - Not standardized",3.61,1.72,19,6.4,1.81,19,"5.47",2.72,19,1.5,NA,NA
16,NA,NA,NA,NA,NA,NA,NA,NA,NA,NA,NA,NA,NA,NA,NA,NA,NA,NA,NA,NA,NA,NA,NA,NA,NA,NA,NA,NA,NA,NA,NA,"Passage test","NO - Not standardized",5.89,2.16,19,7.84,3.83,19,"8.6300000000000008",4.87,19,1.5,NA,NA
17,NA,NA,NA,NA,NA,NA,NA,NA,NA,"104","104Gcm","G","cm","ctl","RN","7, 8, 9","Secondary",14.7375,1,"1",NA,0.45,0.7,0.95,"Yes (Including CAI)","small group (3–7 students)","School Staff",360,12,30,"Reported","Summary test","NO - Not standardized",3.95,1.46,20,4.83,1.52,20,"4",1.4,20,1.5,NA,NA
18,NA,NA,NA,NA,NA,NA,NA,NA,NA,NA,NA,NA,NA,NA,NA,NA,NA,NA,NA,NA,NA,NA,NA,NA,NA,NA,NA,NA,NA,NA,NA,"Passage test","NO - Not standardized",5.8,2.34,20,8.45,3.83,20,"8.4",4.69,20,1.5,NA,NA
19,"Schunk and Rice, 1989","105","USA","USA","English","English","School Environment","peer reviewed paper","RCT","105","105Gm","G","m","1","T - Process Goal","4, 5","Elementary",11.2,1,NA,0.85,0.636363636363636,0.454545454545455,0.88,"Yes (Including CAI)","small group (3–7 students)","Research Staff",525,15,35,"Reported","Comprehension Skill","NO - Not standardized",7.8,2.5,11,12.5,3.7,11,NA,NA,NA,NA,NA,NA
20,NA,NA,NA,NA,NA,NA,NA,NA,NA,"105","105Gm","G","m","2","T - Product Goal","4, 5","Elementary",11.2,1,NA,0.85,0.636363636363636,0.454545454545455,0.88,"Yes (Including CAI)","small group (3–7 students)","Research Staff",525,15,35,"Reported","Comprehension Skill","NO - Not standardized",7.8,1.9,11,11.5,3.4,11,NA,NA,NA,NA,NA,NA
21,NA,NA,NA,NA,NA,NA,NA,NA,NA,"105","105m",NA,"m","ctl","C -general goal","4, 5","Elementary",11.2,1,NA,0.85,0.636363636363636,0.454545454545455,0.88,"Yes (Including CAI)","small group (3–7 students)","Research Staff",525,15,35,"Reported","Comprehension Skill","NO - Not standardized",7.6,2.9,11,8.5,2.2,11,NA,NA,NA,NA,NA,NA
25,"Borkowski et al., 1988","107","USA","USA","English","English","School Environment","peer reviewed paper","RCT","107","107Tm","T","m","1","RS + Complex Attribution","4, 5","Elementary",12,1,"1",NA,NA,0.653333333333333,0.1,"No / Not reported","small group (3–7 students)","Research Staff",NA,5,NA,"Not reported","Post 1-Paragraph Summarization","NO - Not standardized",5.67,3.9,17,12.72,5.18,17,NA,NA,NA,NA,NA,NA
26,NA,NA,NA,NA,NA,NA,NA,NA,NA,NA,NA,NA,NA,NA,NA,NA,NA,NA,NA,NA,NA,NA,NA,NA,NA,NA,NA,NA,NA,NA,NA,"Post 2-Paragraph Summarization","NO - Not standardized",5.67,3.9,17,13.44,4.91,17,NA,NA,NA,NA,NA,NA
27,NA,NA,NA,NA,NA,NA,NA,NA,NA,"107","107Tm","T","m","2","RS+Attribution","4, 5","Elementary",12,1,"1",NA,NA,0.653333333333333,0.1,"No / Not reported","small group (3–7 students)","Research Staff",NA,5,NA,"Not reported","Post 1-Paragraph Summarization","NO - Not standardized",6.81,4.81,16,11.41,6.61,16,NA,NA,NA,NA,NA,NA
28,NA,NA,NA,NA,NA,NA,NA,NA,NA,NA,NA,NA,NA,NA,NA,NA,NA,NA,NA,NA,NA,NA,NA,NA,NA,NA,NA,NA,NA,NA,NA,"Post 2-Paragraph Summarization","NO - Not standardized",6.81,4.81,16,11.56,6.55,16,NA,NA,NA,NA,NA,NA
29,NA,NA,NA,NA,NA,NA,NA,NA,NA,"107","107m",NA,"m","3","Attribution C (Control)","4, 5","Elementary",12,1,"1",NA,NA,0.653333333333333,0.1,"No / Not reported","small group (3–7 students)","Research Staff",NA,5,NA,"Not reported","Post 1-Paragraph Summarization","NO - Not standardized",7,3.84,19,9.73,4.49,19,NA,NA,NA,NA,NA,NA
30,NA,NA,NA,NA,NA,NA,NA,NA,NA,NA,NA,NA,NA,NA,NA,NA,NA,NA,NA,NA,NA,NA,NA,NA,NA,NA,NA,NA,NA,NA,NA,"Post 2-Paragraph Summarization","NO - Not standardized",7,3.84,19,9.36,5.62,19,NA,NA,NA,NA,NA,NA
31,NA,NA,NA,NA,NA,NA,NA,NA,NA,"107","107bau",NA,NA,"ctl","RS Control","4, 5","Elementary",12,1,"1",NA,NA,0.653333333333333,0.1,"No / Not reported","small group (3–7 students)","Research Staff",NA,5,NA,"Not reported","Post 1-Paragraph Summarization","NO - Not standardized",7.9,3.99,21,9.81,5.34,21,NA,NA,NA,NA,NA,NA
32,NA,NA,NA,NA,NA,NA,NA,NA,NA,NA,NA,NA,NA,NA,NA,NA,NA,NA,NA,NA,NA,NA,NA,NA,NA,NA,NA,NA,NA,NA,NA,"Post 2-Paragraph Summarization","NO - Not standardized",7.9,3.99,21,8.66,3.95,21,NA,NA,NA,NA,NA,NA
33,"Cantrell et al., 2014","108","USA","USA","English","English","School Environment","peer reviewed paper","RCT","108","108Ncm","N","cm","1","Int.  n = 462","6","Secondary",11.5,1,"0.33116883116883117",0.67965367965368,NA,0.582251082251082,0.125541125541126,"No / Not reported","classroom/ large group","School Staff",7448.1,540,41.3783333333333,"Reported","GRADE Reading Comprehension","YES - standardized",NA,NA,NA,32.1,14.33,462,NA,NA,NA,NA,NA,NA
34,NA,NA,NA,NA,NA,NA,NA,NA,NA,"108","108bau",NA,NA,"ctl","Con.  n = 389","6","Secondary",11.5,1,"0.26221079691516708",0.655526992287918,NA,0.57840616966581,0.143958868894602,NA,NA,NA,NA,NA,NA,NA,"GRADE Reading Comprehension","YES - standardized",NA,NA,NA,31.6,14.11,389,NA,NA,NA,NA,NA,NA
35,"Cantrell et al., 2016","109","USA","USA","English","English","School Environment","peer reviewed paper","RCT","109_1","109_1Ncm","N","cm","1","Grade 6 Int. 605","6","Secondary",11.5,1,"0.33223140495867765",0.690909090909091,NA,0.59504132231405,0.130578512396694,"No / Not reported","classroom/ large group","School Staff",9519.525,720,52.88625,"Reported","* GRADE = Group Reading and Diagnostic Evaluation","YES - standardized",21.11,9.49,605,32.3,13.92,605,NA,NA,NA,NA,NA,NA
36,NA,NA,NA,NA,NA,NA,NA,NA,NA,"109_1","109_1bau",NA,NA,"ctl","Grade 6 Con. 530","6","Secondary",11.5,1,"0.28490566037735854",0.675471698113208,NA,0.583018867924528,0.139622641509434,NA,NA,NA,NA,NA,NA,NA,"* GRADE = Group Reading and Diagnostic Evaluation","YES - standardized",21.66,9.32,530,30.7,13.86,530,NA,NA,NA,NA,NA,NA
37,"Cantrell et al., 2016","109","USA","USA","English","English","School Environment","peer reviewed paper","RCT","109_2","109_2Ncm","N","cm","1","Grade 9 Int. 593","9","Secondary",14.5,1,"0.29679595278246207",0.625632377740304,NA,0.586846543001686,0.116357504215852,"No / Not reported","classroom/ large group","School Staff",9519.525,720,52.88625,"Reported","* GRADE = Group Reading and Diagnostic Evaluation","YES - standardized",23.59,8.05,593,33.7,14.87,593,NA,NA,NA,NA,NA,NA
38,NA,NA,NA,NA,NA,NA,NA,NA,NA,"109_2","109_2bau",NA,NA,"ctl","Grade 9 Con. 535","9","Secondary",14.5,1,"0.23177570093457944",0.611214953271028,NA,0.551401869158878,0.132710280373832,NA,NA,NA,NA,NA,NA,NA,"* GRADE = Group Reading and Diagnostic Evaluation","YES - standardized",23.56,8.34,535,32.3,13.83,535,NA,NA,NA,NA,NA,NA
39,"Ng et al., 2013","110","Australia","non-USA","English","English","School Environment","peer reviewed paper","RCT","110","110NVGm","NVG","m","1","TLS-e-mail （motivation)","5","Elementary",9.57,1,NA,1,NA,0.526315789473684,NA,"No / Not reported","classroom/ large group","School Staff",1860,6,60,"Not reported","NAPLAN Reading  test (National Assessment Program of Literacy and Numeracy)","YES - standardized",21,3.35,25.3333333333333,24.54,2.98,25.3333333333333,NA,NA,NA,NA,NA,NA
40,NA,NA,NA,NA,NA,NA,NA,NA,NA,NA,NA,NA,NA,NA,NA,NA,NA,NA,NA,NA,NA,NA,NA,NA,NA,NA,NA,NA,NA,NA,NA,"Reading  comprehension  test","NO - Not standardized",34.67,24.15,25.3333333333333,66.63,30.28,25.3333333333333,NA,NA,NA,NA,NA,NA
41,NA,NA,NA,NA,NA,NA,NA,NA,NA,"110","110m",NA,"m","2","TLS-only","5","Elementary",9.57,1,NA,1,NA,0.526315789473684,NA,"No / Not reported","classroom/ large group","School Staff",1800,6,60,"Not reported","NAPLAN Reading  test (National Assessment Program of Literacy and Numeracy)","YES - standardized",17.13,7.93,25.3333333333333,21.65,6.14,25.3333333333333,NA,NA,NA,NA,NA,NA
42,NA,NA,NA,NA,NA,NA,NA,NA,NA,NA,NA,NA,NA,NA,NA,NA,NA,NA,NA,NA,NA,NA,NA,NA,NA,NA,NA,NA,NA,NA,NA,"Reading  comprehension  test","NO - Not standardized",13.84,13.17,25.3333333333333,30.32,22.26,25.3333333333333,NA,NA,NA,NA,NA,NA
43,NA,NA,NA,NA,NA,NA,NA,NA,NA,"110","110bau",NA,NA,"ctl","Control group","5","Elementary",9.57,1,NA,1,NA,0.526315789473684,NA,NA,NA,NA,NA,NA,NA,NA,"NAPLAN Reading  test (National Assessment Program of Literacy and Numeracy)","YES - standardized",18.05,4.94,25.3333333333333,17.8,4.93,25.3333333333333,NA,NA,NA,NA,NA,NA
44,NA,NA,NA,NA,NA,NA,NA,NA,NA,NA,NA,NA,NA,NA,NA,NA,NA,NA,NA,NA,NA,NA,NA,NA,NA,NA,NA,NA,NA,NA,NA,"Reading  comprehension  test","NO - Not standardized",30.81,28.05,25.3333333333333,45.08,35.48,25.3333333333333,NA,NA,NA,NA,NA,NA
45,"Alhabahba et al., 2016","111","Jordan","non-USA","English","English","School Environment","peer reviewed paper","QED","111","111Nm","N","m","1","CORI","5","Elementary",11,NA,NA,1,1,0,NA,"No / Not reported","classroom/ large group","School Staff",4000,80,50,"Not reported","Post RC test","NO - Not standardized",NA,NA,NA,82.22,18.12,32,NA,NA,NA,NA,NA,NA
46,NA,NA,NA,NA,NA,NA,NA,NA,NA,"111","111bau",NA,NA,"ctl","Control","5","Elementary",11,NA,NA,1,1,0,NA,NA,NA,NA,NA,NA,NA,NA,"Post RC test","NO - Not standardized",NA,NA,NA,47.18,23.85,34,NA,NA,NA,NA,NA,NA
47,"Aarnoutse & Schellings, 2003","112","Netherlands","non-USA","Dutch","non-English","School Environment","peer reviewed paper","QED","112","112Nm","N","m","1","PBL + ‘Who reads this’","3","Elementary",8.5,NA,NA,NA,NA,NA,0.1,"Yes (Including CAI)","classroom/ large group","School Staff",NA,40,NA,"Reported","Reading Comprehension Test","YES - standardized",17.8,5.58,155,21.47,5.75,155,NA,NA,NA,NA,NA,NA
48,NA,NA,NA,NA,NA,NA,NA,NA,NA,"112","112m",NA,"m","ctl","Control = ‘Who reads this’","3","Elementary",8.5,NA,NA,NA,NA,NA,0.1,NA,NA,NA,NA,NA,NA,NA,"Reading Comprehension Test","YES - standardized",18.18,5.88,172,21.66,6.02,172,NA,NA,NA,NA,NA,NA
49,"Wigfield et al., 2008","113","USA","USA","English","English","School Environment","peer reviewed paper","QED","113","113Nm","N","m","1","CORI (5t, 2school)","4","Elementary",9.5,NA,NA,NA,NA,NA,0.32,"No / Not reported","classroom/ large group","School Staff",5400,60,90,"Reported","Gates Comprehension Test (level 4)","YES - standardized",NA,NA,NA,516.6,28.39,164,NA,NA,NA,NA,NA,NA
50,NA,NA,NA,NA,NA,NA,NA,NA,NA,NA,NA,NA,NA,NA,NA,NA,NA,NA,NA,NA,NA,NA,NA,NA,NA,NA,NA,NA,NA,NA,NA,"Multiple text comprehension","NO - Not standardized",NA,NA,NA,4.3,0.67,164,NA,NA,NA,NA,NA,NA
51,NA,NA,NA,NA,NA,NA,NA,NA,NA,"113","113m",NA,"m","2","SI (7t, 2school)","4","Elementary",9.5,NA,NA,NA,NA,NA,0.32,"No / Not reported","classroom/ large group","School Staff",5400,60,90,"Reported","Gates Comprehension Test (level 4)","YES - standardized",NA,NA,NA,484.86,16.78,229.6,NA,NA,NA,NA,NA,NA
52,NA,NA,NA,NA,NA,NA,NA,NA,NA,NA,NA,NA,NA,NA,NA,NA,NA,NA,NA,NA,NA,NA,NA,NA,NA,NA,NA,NA,NA,NA,NA,"Multiple text comprehension","NO - Not standardized",NA,NA,NA,3,0,229.6,NA,NA,NA,NA,NA,NA
53,NA,NA,NA,NA,NA,NA,NA,NA,NA,"113","113bau",NA,NA,"ctl","TI (3t, 1school)","4","Elementary",9.5,NA,NA,NA,NA,NA,0.32,NA,NA,NA,NA,NA,NA,NA,"Gates Comprehension Test (level 4)","YES - standardized",NA,NA,NA,484,8.72,98.4,NA,NA,NA,NA,NA,NA
54,NA,NA,NA,NA,NA,NA,NA,NA,NA,NA,NA,NA,NA,NA,NA,NA,NA,NA,NA,NA,NA,NA,NA,NA,NA,NA,NA,NA,NA,NA,NA,"Multiple text comprehension","NO - Not standardized",NA,NA,NA,2.67,0.58,98.4,NA,NA,NA,NA,NA,NA
55,"Nevo & Vaknin-Nusbaum, 2020","114","Israel","non-USA","Hebrew","non-English","School Environment","peer reviewed paper","QED","114","114Ncm","N","cm","1","IG (CORI adapted)","1","Elementary",7.5,0,"0",0,0,0.448275862068966,0,"No / Not reported","classroom/ large group","School Staff",10800,120,45,"Not reported","Reading comprehension  Accuracy (from RAMA-the Israeli National Authority for Measurement and Evaluation (2015))","YES - standardized",NA,NA,NA,84.55,8.77,29,NA,NA,NA,NA,NA,NA
56,NA,NA,NA,NA,NA,NA,NA,NA,NA,"114","114bau",NA,NA,"ctl","Control Group","1","Elementary",7.5,0,"0",0,0,0.344827586206897,0,NA,NA,NA,NA,NA,NA,NA,"Reading comprehension  Accuracy (from RAMA-the Israeli National Authority for Measurement and Evaluation (2015))","YES - standardized",NA,NA,NA,60.67,22.73,29,NA,NA,NA,NA,NA,NA
57,"Andreassen & Braten, 2011","115","Norway","non-USA","Danish","non-English","School Environment","peer reviewed paper","QED","115","115NVm","NV","m","1","ERCI (103)","5","Elementary",10.5,0.2,"4.8543689320388349E-2",0,0.116504854368932,0.466019417475728,NA,"No / Not reported","classroom/ large group","School Staff",4050,90,45,"Reported","RC  (SRT) pretest ONLY - Sentence Reading Test","YES - standardized",15.47,4.43,103,NA,NA,89,NA,NA,NA,NA,NA,NA
58,NA,NA,NA,NA,NA,NA,NA,NA,NA,NA,NA,NA,NA,NA,NA,NA,NA,NA,NA,NA,NA,NA,NA,NA,NA,NA,NA,NA,NA,NA,NA,"RC  (maze)","NO - Not standardized",NA,NA,NA,22.04,7.19,89,NA,NA,NA,NA,NA,NA
59,NA,NA,NA,NA,NA,NA,NA,NA,NA,NA,NA,NA,NA,NA,NA,NA,NA,NA,NA,NA,NA,NA,NA,NA,NA,NA,NA,NA,NA,NA,NA,"RC (NLCT)","YES - standardized",NA,NA,NA,6.01,2.13,89,NA,NA,NA,NA,NA,NA
60,NA,NA,NA,NA,NA,NA,NA,NA,NA,NA,NA,NA,NA,NA,NA,NA,NA,NA,NA,NA,NA,NA,NA,NA,NA,NA,NA,NA,NA,NA,NA,"RC (RGT)","NO - Not standardized",NA,NA,NA,6.24,3.09,89,NA,NA,NA,NA,NA,NA
61,NA,NA,NA,NA,NA,NA,NA,NA,NA,"115","115bau",NA,NA,"ctl","BAU (113)","5","Elementary",10.5,0.2,"1.7699115044247787E-2",0,0.0176991150442478,0.433628318584071,NA,NA,NA,NA,NA,NA,NA,NA,"RC  (SRT) pretest ONLY - Sentence Reading Test","YES - standardized",16.46,5.28,113,NA,NA,90,NA,NA,NA,NA,NA,NA
62,NA,NA,NA,NA,NA,NA,NA,NA,NA,NA,NA,NA,NA,NA,NA,NA,NA,NA,NA,NA,NA,NA,NA,NA,NA,NA,NA,NA,NA,NA,NA,"RC  (maze)","NO - Not standardized",NA,NA,NA,23.21,7.33,90,NA,NA,NA,NA,NA,NA
63,NA,NA,NA,NA,NA,NA,NA,NA,NA,NA,NA,NA,NA,NA,NA,NA,NA,NA,NA,NA,NA,NA,NA,NA,NA,NA,NA,NA,NA,NA,NA,"RC (NLCT)","YES - standardized",NA,NA,NA,6.25,1.98,90,NA,NA,NA,NA,NA,NA
64,NA,NA,NA,NA,NA,NA,NA,NA,NA,NA,NA,NA,NA,NA,NA,NA,NA,NA,NA,NA,NA,NA,NA,NA,NA,NA,NA,NA,NA,NA,NA,"RC (RGT)","NO - Not standardized",NA,NA,NA,5.89,2.92,90,NA,NA,NA,NA,NA,NA
80,"Guthrie et al. (S1), 2004","117","USA","USA","English","English","School Environment","peer reviewed paper","QED","117","117Nm","N","m","1","CORI (4)","3","Elementary",8.5,NA,NA,0.182432432432432,NA,0.47972972972973,0.243243243243243,"No / Not reported","classroom/ large group","School Staff",5400,60,90,"Reported","(T4) Multiple text comprehension","NO - Not standardized",3.13,1.1,148,3.65,1.04,148,NA,NA,NA,NA,NA,NA
81,NA,NA,NA,NA,NA,NA,NA,NA,NA,NA,NA,NA,NA,NA,NA,NA,NA,NA,NA,NA,NA,NA,NA,NA,NA,NA,NA,NA,NA,NA,NA,"(T4) Passage comprehension","NO - Not standardized",0.31,0.18,148,0.56,0.14,148,NA,NA,NA,NA,NA,NA
82,NA,NA,NA,NA,NA,NA,NA,NA,NA,"117","117m",NA,"m","ctl","SI (6)","3","Elementary",8.5,NA,NA,0.220657276995305,NA,0.47887323943662,0.272300469483568,"No / Not reported","classroom/ large group","School Staff",5400,60,90,"Reported","(T4) Multiple text comprehension","NO - Not standardized",2.19,0.78,213,2.87,0.51,213,NA,NA,NA,NA,NA,NA
83,NA,NA,NA,NA,NA,NA,NA,NA,NA,NA,NA,NA,NA,NA,NA,NA,NA,NA,NA,NA,NA,NA,NA,NA,NA,NA,NA,NA,NA,NA,NA,"(T4) Passage comprehension","NO - Not standardized",0.15,0.15,213,0.31,0.16,213,NA,NA,NA,NA,NA,NA
84,"Guthrie et al. (S2), 2004","118","USA","USA","English","English","School Environment","peer reviewed paper","QED","118","118Nm","N","m","1","CORI (9)","3","Elementary",8.5,NA,"0.15760869565217392",NA,0.0205128205128205,0.56544502617801,0.477777777777778,"No / Not reported","classroom/ large group","School Staff",5400,60,90,"Reported","Passage comprehension (Pre/post)","NO - Not standardized",0.33,0.11,191,0.46,0.098,191,NA,NA,NA,NA,NA,NA
85,NA,NA,NA,NA,NA,NA,NA,NA,NA,NA,NA,NA,NA,NA,NA,NA,NA,NA,NA,NA,NA,NA,NA,NA,NA,NA,NA,NA,NA,NA,NA,"Gates-MacGinitie Reading Comprehension Test","YES - standardized",NA,NA,NA,498.6,22.57,191,NA,NA,NA,NA,NA,NA
86,NA,NA,NA,NA,NA,NA,NA,NA,NA,"118","118Nm","N","m","2","SI (11)","3","Elementary",8.5,NA,"0.10483870967741936",NA,0.0269230769230769,0.501945525291829,0.441295546558704,"No / Not reported","classroom/ large group","School Staff",5400,60,90,"Reported","Passage comprehension (Pre/post)","NO - Not standardized",0.32,0.074,257,0.38,0.054,257,NA,NA,NA,NA,NA,NA
87,NA,NA,NA,NA,NA,NA,NA,NA,NA,NA,NA,NA,NA,NA,NA,NA,NA,NA,NA,NA,NA,NA,NA,NA,NA,NA,NA,NA,NA,NA,NA,"Gates-MacGinitie Reading Comprehension Test","YES - standardized",NA,NA,NA,468.57,15.85,257,NA,NA,NA,NA,NA,NA
88,NA,NA,NA,NA,NA,NA,NA,NA,NA,"118","118bau","N",NA,"ctl","TI (4)","3","Elementary",8.5,NA,"0.20338983050847459",NA,0,0.552631578947368,0.101694915254237,"No / Not reported","classroom/ large group","School Staff",5400,60,90,"Reported","Passage comprehension (Pre/post)","NO - Not standardized",0.32,0.049,76,0.35,0.04,76,NA,NA,NA,NA,NA,NA
89,NA,NA,NA,NA,NA,NA,NA,NA,NA,NA,NA,NA,NA,NA,NA,NA,NA,NA,NA,NA,NA,NA,NA,NA,NA,NA,NA,NA,NA,NA,NA,"Gates-MacGinitie Reading Comprehension Test","YES - standardized",NA,NA,NA,483.33,11.93,76,NA,NA,NA,NA,NA,NA
90,"Hautala et al., 2023","119","Finland","non-USA","Finnish","non-English","School Environment","peer reviewed paper","RCT","119","119NGcm","NG","cm","1","RT Goal","3, 4","Elementary",10.02,1,NA,NA,NA,0.44,NA,"No / Not reported","small group (3–7 students)","School Staff",720,8,90,"Reported","Computerized Reading Comprehension","NO - Not standardized",0.53,0.14142135623731,50,0.56,0.13114877048604,43,"0.61",0.00291729982995789,47,7,NA,NA
91,NA,NA,NA,NA,NA,NA,NA,NA,NA,"119","119Ncm","N","cm","2","RT Practice","3, 4","Elementary",9.89,1,NA,NA,NA,0.36734693877551,NA,"No / Not reported","small group (3–7 students)","School Staff",720,8,90,"Reported","Computerized Reading Comprehension","NO - Not standardized",0.51,0.13856406460551,48,0.57,0.12328828005938,38,"0.6",0.00468521285665818,41,7,NA,NA
92,NA,NA,NA,NA,NA,NA,NA,NA,NA,"119","119bau",NA,NA,"ctl","Control","3, 4","Elementary",9.98,1,NA,NA,NA,0.457627118644068,NA,NA,NA,NA,NA,NA,NA,NA,"Computerized Reading Comprehension","NO - Not standardized",0.47,0.150996688705415,57,0.53,0.13856406460551,48,"0.56000000000000005",0.00282842712474619,50,7,NA,NA
93,"Kim et al., 2021","120","USA","USA","English","English","School Environment","peer reviewed paper","RCT","120","120NGm","NG","m","1","MORE","1","Elementary",6.5,NA,"7.2072072072072071E-2",NA,0.189189189189189,0.502252252252252,0.801801801801802,"No / Not reported","classroom/ large group","School Staff",600,10,60,"Reported","MAP RC","NO - Not standardized",171.92,15.81,319,176.59,15.58,403,NA,NA,NA,NA,NA,NA
94,NA,NA,NA,NA,NA,NA,NA,NA,NA,NA,NA,NA,NA,NA,NA,NA,NA,NA,NA,NA,NA,NA,NA,NA,NA,NA,NA,NA,NA,NA,NA,"*DIBLE (Combined - word reading fluency, oral reading fluency, and retell ability)","YES - standardized",189.37,101.26,425,188.05,85.78,431,NA,NA,NA,NA,NA,NA
95,NA,NA,NA,NA,NA,NA,NA,NA,NA,"120","120bau",NA,NA,"ctl","TI","1","Elementary",6.5,NA,"5.9633027522935783E-2",NA,0.238532110091743,0.458715596330275,0.756880733944954,NA,NA,NA,NA,NA,NA,NA,"MAP RC","NO - Not standardized",173.76,15.97,165,175.88,17.13,204,NA,NA,NA,NA,NA,NA
96,NA,NA,NA,NA,NA,NA,NA,NA,NA,NA,NA,NA,NA,NA,NA,NA,NA,NA,NA,NA,NA,NA,NA,NA,NA,NA,NA,NA,NA,NA,NA,"*DIBLE (Combined - word reading fluency, oral reading fluency, and retell ability)","YES - standardized",191.19,112.27,212,186.26,93.54,214,NA,NA,NA,NA,NA,NA
97,"Law, 2011","121","China","non-USA","Chinese","non-English","School Environment","peer reviewed paper","QED","121","121NGm","NG","m","1","Int1 –  jigsaw approach","5","Elementary",10.73,NA,NA,0.75,0,0.468085106382979,0,"No / Not reported","small group (3–7 students)","School Staff",300,5,60,"Not reported","Reading comprehension scores (maximum scores: 36)","NO - Not standardized",NA,NA,NA,20.43,3.04,94,"19.07",3.292,94,3,NA,NA
98,NA,NA,NA,NA,NA,NA,NA,NA,NA,"121","121Nm","N","m","2","Int2 – drama approach","5","Elementary",10.69,NA,NA,0.75,0,0.545454545454545,0,"No / Not reported","small group (3–7 students)","School Staff",300,5,60,"Not reported","Reading comprehension scores (maximum scores: 36)","NO - Not standardized",NA,NA,NA,19.38,2.8,99,"19.12",3.18,99,3,NA,NA
99,NA,NA,NA,NA,NA,NA,NA,NA,NA,"121","121bau",NA,NA,"ctl","Control group – Direct instruction with teacher-led whole-class practices.","5","Elementary",10.69,NA,NA,0.75,0,0.5,0,NA,NA,NA,NA,NA,NA,NA,"Reading comprehension scores (maximum scores: 36)","NO - Not standardized",NA,NA,NA,18.94,3.62,86,"18.329999999999998",3.29,96,3,NA,NA
102,"Taboada Barber et al., 2018","123","USA","USA","English","English","School Environment","peer reviewed paper","QED","123","123Nm","N","m","1","USHER (Sequence A)","6","Secondary",11.5,NA,NA,NA,0.374384236453202,0.6,0.75,"No / Not reported","classroom/ large group","School Staff",1187.5,25,47.5,"Reported","History reading comprehension","NO - Not standardized",12.48,6.1,103,15.63,5.35,103,NA,NA,NA,NA,NA,NA
103,NA,NA,NA,NA,NA,NA,NA,NA,NA,"123","123bau",NA,NA,"ctl","BAU","6","Secondary",11.5,NA,NA,NA,0.374384236453202,0.6,0.75,NA,NA,NA,NA,NA,NA,NA,"History reading comprehension","NO - Not standardized",12.14,6.1,100,14.27,5.58,100,NA,NA,NA,NA,NA,NA
108,"Wu et al., 2021","124","China","non-USA","Chinese","non-English","School Environment","peer reviewed paper","RCT","124","124Nm","N","m","1","CG n = 168","7, 8","Secondary",14,1,NA,NA,NA,0.523809523809524,NA,"No / Not reported","classroom/ large group","School Staff",640,16,40,"Reported","parallel reading comprehension tests","YES - standardized",50.3,9.89,168,55.62,8.22,168,NA,NA,NA,NA,NA,NA
109,NA,NA,NA,NA,NA,NA,NA,NA,NA,"124","124bau",NA,NA,"ctl","EG n = 174","7, 8","Secondary",14,1,NA,NA,NA,0.586206896551724,NA,NA,NA,NA,NA,NA,NA,NA,"parallel reading comprehension tests","YES - standardized",49.71,10.12,174,44.57,8.45,174,NA,NA,NA,NA,NA,NA
110,"Guthrie et al. 1999","125","USA","USA","English","English","School Environment","peer reviewed paper","QED","125_1","125_1Nm","N","m","1","CORI,Grade 3,Pond","3","Elementary",8.5,0.2,"mixed",NA,NA,0.537313432835821,NA,"No / Not reported","classroom/ large group","School Staff",9000,150,60,"Reported","Information Text - Pond/desert","NO - Not standardized",NA,NA,NA,6.28,1.33,32,NA,NA,NA,NA,NA,NA
111,NA,NA,NA,NA,NA,NA,NA,NA,NA,NA,NA,NA,NA,NA,NA,NA,NA,NA,NA,NA,NA,NA,NA,NA,NA,NA,NA,NA,NA,NA,NA,"Narrative Text - Pond/desert","NO - Not standardized",NA,NA,NA,6.03,1.73,32,NA,NA,NA,NA,NA,NA
112,NA,NA,NA,NA,NA,NA,NA,NA,NA,NA,NA,NA,NA,NA,NA,NA,NA,NA,NA,NA,NA,NA,NA,NA,NA,NA,NA,NA,NA,NA,NA,"Pretest ONLY. Standardized reading","YES - standardized",47.79,25.35,32,NA,NA,NA,NA,NA,NA,NA,NA,NA
113,NA,NA,NA,NA,NA,NA,NA,NA,NA,"125_1","125_1m",NA,"m","ctl","TI,Grade 3,Pond","3","Elementary",8.5,0.2,"mixed",NA,NA,0.575757575757576,NA,"No / Not reported","classroom/ large group","School Staff",NA,NA,NA,NA,"Information Text - Pond/desert","NO - Not standardized",NA,NA,NA,5.57,1.64,28,NA,NA,NA,NA,NA,NA
114,NA,NA,NA,NA,NA,NA,NA,NA,NA,NA,NA,NA,NA,NA,NA,NA,NA,NA,NA,NA,NA,NA,NA,NA,NA,NA,NA,NA,NA,NA,NA,"Narrative Text - Pond/desert","NO - Not standardized",NA,NA,NA,5.59,1.64,28,NA,NA,NA,NA,NA,NA
115,NA,NA,NA,NA,NA,NA,NA,NA,NA,NA,NA,NA,NA,NA,NA,NA,NA,NA,NA,NA,NA,NA,NA,NA,NA,NA,NA,NA,NA,NA,NA,"Pretest ONLY. Standardized reading","YES - standardized",43.32,34.25,28,NA,NA,NA,NA,NA,NA,NA,NA,NA
116,NA,NA,NA,NA,NA,NA,NA,NA,NA,"125_2","125_2Nm","N","m","1","CORI,Grade 3,Volcano","3","Elementary",8.5,0.2,"mixed",NA,NA,0.537313432835821,NA,"No / Not reported","classroom/ large group","School Staff",9000,150,60,"Reported","Information Text - Volcano/river","NO - Not standardized",NA,NA,NA,8.09,1.59,33,NA,NA,NA,NA,NA,NA
117,NA,NA,NA,NA,NA,NA,NA,NA,NA,NA,NA,NA,NA,NA,NA,NA,NA,NA,NA,NA,NA,NA,NA,NA,NA,NA,NA,NA,NA,NA,NA,"Narrative Text - Volcano/river","NO - Not standardized",NA,NA,NA,4.76,1.2,33,NA,NA,NA,NA,NA,NA
118,NA,NA,NA,NA,NA,NA,NA,NA,NA,NA,NA,NA,NA,NA,NA,NA,NA,NA,NA,NA,NA,NA,NA,NA,NA,NA,NA,NA,NA,NA,NA,"Pretest ONLY. Standardized reading","YES - standardized",53.35,30.29,33,NA,NA,NA,NA,NA,NA,NA,NA,NA
119,NA,NA,NA,NA,NA,NA,NA,NA,NA,"125_2","125_2m",NA,"m","ctl","TI,Grade 3,Volcano","3","Elementary",8.5,0.2,"mixed",NA,NA,0.575757575757576,NA,"No / Not reported","classroom/ large group","School Staff",NA,NA,NA,NA,"Information Text - Volcano/river","NO - Not standardized",NA,NA,NA,7.88,1.72,27,NA,NA,NA,NA,NA,NA
120,NA,NA,NA,NA,NA,NA,NA,NA,NA,NA,NA,NA,NA,NA,NA,NA,NA,NA,NA,NA,NA,NA,NA,NA,NA,NA,NA,NA,NA,NA,NA,"Narrative Text - Volcano/river","NO - Not standardized",NA,NA,NA,4,0.87,27,NA,NA,NA,NA,NA,NA
121,NA,NA,NA,NA,NA,NA,NA,NA,NA,NA,NA,NA,NA,NA,NA,NA,NA,NA,NA,NA,NA,NA,NA,NA,NA,NA,NA,NA,NA,NA,NA,"Pretest ONLY. Standardized reading","YES - standardized",38.31,35.56,27,NA,NA,NA,NA,NA,NA,NA,NA,NA
122,NA,NA,NA,NA,NA,NA,NA,NA,NA,"125_3","125_3Nm","N","m","1","CORI,Grade 5,Pond","5","Elementary",10.5,0.2,"mixed",NA,NA,0.584905660377358,NA,"No / Not reported","classroom/ large group","School Staff",7200,120,60,"Reported","Information Text - Pond/desert","NO - Not standardized",NA,NA,NA,7.92,1.54,23,NA,NA,NA,NA,NA,NA
123,NA,NA,NA,NA,NA,NA,NA,NA,NA,NA,NA,NA,NA,NA,NA,NA,NA,NA,NA,NA,NA,NA,NA,NA,NA,NA,NA,NA,NA,NA,NA,"Narrative Text - Pond/desert","NO - Not standardized",NA,NA,NA,5.4,1.34,23,NA,NA,NA,NA,NA,NA
124,NA,NA,NA,NA,NA,NA,NA,NA,NA,NA,NA,NA,NA,NA,NA,NA,NA,NA,NA,NA,NA,NA,NA,NA,NA,NA,NA,NA,NA,NA,NA,"Pretest ONLY. Standardized reading","YES - standardized",43.29,11.77,23,NA,NA,NA,NA,NA,NA,NA,NA,NA
125,NA,NA,NA,NA,NA,NA,NA,NA,NA,"125_3","125_3m",NA,"m","ctl","TI,Grade 5,Pond","5","Elementary",10.5,0.2,"mixed",NA,NA,0.471698113207547,NA,"No / Not reported","classroom/ large group","School Staff",NA,NA,NA,NA,"Information Text - Pond/desert","NO - Not standardized",NA,NA,NA,7.35,1.54,24,NA,NA,NA,NA,NA,NA
126,NA,NA,NA,NA,NA,NA,NA,NA,NA,NA,NA,NA,NA,NA,NA,NA,NA,NA,NA,NA,NA,NA,NA,NA,NA,NA,NA,NA,NA,NA,NA,"Narrative Text - Pond/desert","NO - Not standardized",NA,NA,NA,4.44,1.34,24,NA,NA,NA,NA,NA,NA
127,NA,NA,NA,NA,NA,NA,NA,NA,NA,NA,NA,NA,NA,NA,NA,NA,NA,NA,NA,NA,NA,NA,NA,NA,NA,NA,NA,NA,NA,NA,NA,"Pretest ONLY. Standardized reading","YES - standardized",37.46,12.6,24,NA,NA,NA,NA,NA,NA,NA,NA,NA
128,NA,NA,NA,NA,NA,NA,NA,NA,NA,"125_4","125_4Nm","N","m","1","CORI,Grade 5,Volcano","5","Elementary",10.5,0.2,"mixed",NA,NA,0.584905660377358,NA,"No / Not reported","classroom/ large group","School Staff",7200,120,60,"Reported","Information Text - Volcano/river","NO - Not standardized",NA,NA,NA,6.74,1.9,26,NA,NA,NA,NA,NA,NA
129,NA,NA,NA,NA,NA,NA,NA,NA,NA,NA,NA,NA,NA,NA,NA,NA,NA,NA,NA,NA,NA,NA,NA,NA,NA,NA,NA,NA,NA,NA,NA,"Narrative Text - Volcano/river","NO - Not standardized",NA,NA,NA,4.96,1.25,26,NA,NA,NA,NA,NA,NA
130,NA,NA,NA,NA,NA,NA,NA,NA,NA,NA,NA,NA,NA,NA,NA,NA,NA,NA,NA,NA,NA,NA,NA,NA,NA,NA,NA,NA,NA,NA,NA,"Pretest ONLY. Standardized reading","YES - standardized",42.23,8.99,26,NA,NA,NA,NA,NA,NA,NA,NA,NA
131,NA,NA,NA,NA,NA,NA,NA,NA,NA,"125_4","125_4m",NA,"m","ctl","TI,Grade 5,Volcano","5","Elementary",10.5,0.2,"mixed",NA,NA,0.471698113207547,NA,"No / Not reported","classroom/ large group","School Staff",NA,NA,NA,NA,"Information Text - Volcano/river","NO - Not standardized",NA,NA,NA,6.37,1.59,28,NA,NA,NA,NA,NA,NA
132,NA,NA,NA,NA,NA,NA,NA,NA,NA,NA,NA,NA,NA,NA,NA,NA,NA,NA,NA,NA,NA,NA,NA,NA,NA,NA,NA,NA,NA,NA,NA,"Narrative Text - Volcano/river","NO - Not standardized",NA,NA,NA,5.13,1.51,28,NA,NA,NA,NA,NA,NA
133,NA,NA,NA,NA,NA,NA,NA,NA,NA,NA,NA,NA,NA,NA,NA,NA,NA,NA,NA,NA,NA,NA,NA,NA,NA,NA,NA,NA,NA,NA,NA,"Pretest ONLY. Standardized reading","YES - standardized",37.54,10.3,28,NA,NA,NA,NA,NA,NA,NA,NA,NA
134,"Guthrie et al. 2009","126","USA","USA","English","English","School Environment","peer reviewed paper","QED","126_1","126_1Ncm","N","cm","1","CORI (Low)","5","Elementary",10.5,NA,"0.02",NA,0,0.488,0.58,"No / Not reported","classroom/ large group","School Staff",5400,60,90,"Reported","Gates-MacGinitie","YES - standardized",455.54,9.71,41,476.72,11.1,41,NA,NA,NA,NA,NA,NA
135,NA,NA,NA,NA,NA,NA,NA,NA,NA,NA,NA,NA,NA,NA,NA,NA,NA,NA,NA,NA,NA,NA,NA,NA,NA,NA,NA,NA,NA,NA,NA,"Inferencing (Gates)","NO - Not standardized",8,0.46,41,8.88,0.68,41,NA,NA,NA,NA,NA,NA
136,NA,NA,NA,NA,NA,NA,NA,NA,NA,"126_1","126_1cm",NA,"cm","ctl","TI (Low)","5","Elementary",10.5,NA,"0",NA,0.02,0.636,0.37,"No / Not reported","classroom/ large group","School Staff",5400,60,90,NA,"Gates-MacGinitie","YES - standardized",450.7,3.69,22,459.03,15.72,22,NA,NA,NA,NA,NA,NA
137,NA,NA,NA,NA,NA,NA,NA,NA,NA,NA,NA,NA,NA,NA,NA,NA,NA,NA,NA,NA,NA,NA,NA,NA,NA,NA,NA,NA,NA,NA,NA,"Inferencing (Gates)","NO - Not standardized",7.97,0.58,22,7.73,1.3,22,NA,NA,NA,NA,NA,NA
138,NA,NA,NA,NA,NA,NA,NA,NA,NA,"126_2","126_2Ncm","N","cm","1","CORI (High)","5","Elementary",10.5,NA,"0.08",NA,0.12,0.396,0.44,"No / Not reported","classroom/ large group","School Staff",5400,60,90,"Reported","Gates-MacGinitie","YES - standardized",515.33,15.58,53,528.57,16.5,53,NA,NA,NA,NA,NA,NA
139,NA,NA,NA,NA,NA,NA,NA,NA,NA,NA,NA,NA,NA,NA,NA,NA,NA,NA,NA,NA,NA,NA,NA,NA,NA,NA,NA,NA,NA,NA,NA,"Inferencing (Gates)","NO - Not standardized",8.77,1.53,53,9.58,0.82,53,NA,NA,NA,NA,NA,NA
140,NA,NA,NA,NA,NA,NA,NA,NA,NA,"126_2","126_2cm",NA,"cm","ctl","TI (High)","5","Elementary",10.5,NA,"0.23",NA,0.14,0.65,0.23,"No / Not reported","classroom/ large group","School Staff",5400,60,90,NA,"Gates-MacGinitie","YES - standardized",509.13,1.36,40,514.23,8.75,40,NA,NA,NA,NA,NA,NA
141,NA,NA,NA,NA,NA,NA,NA,NA,NA,NA,NA,NA,NA,NA,NA,NA,NA,NA,NA,NA,NA,NA,NA,NA,NA,NA,NA,NA,NA,NA,NA,"Inferencing (Gates)","NO - Not standardized",9.03,0.55,40,9.67,0.32,40,NA,NA,NA,NA,NA,NA
142,"Little et al. 2014","127","USA","USA","English","English","School Environment","peer reviewed paper","RCT","127_7","127_7Nm","N","m","1","SEM-R,   East, G7","7","Secondary",12.5,0.2,NA,0.477,NA,NA,0.683,"No / Not reported","classroom/ large group","School Staff",6800,160,42.5,"Reported","GMRT = Gates–MacGinitie Reading Tests","YES - standardized",514.79,25.49,154,515.58,28.22,154,NA,NA,NA,NA,NA,NA
143,NA,NA,NA,NA,NA,NA,NA,NA,NA,"127_7","127_7m",NA,"m","ctl","Control, East, G7","7","Secondary",12.5,0.2,NA,0.477,NA,NA,0.683,NA,NA,NA,NA,NA,NA,NA,"GMRT = Gates–MacGinitie Reading Tests","YES - standardized",519.68,28.78,143,518.19,30.19,143,NA,NA,NA,NA,NA,NA
144,NA,NA,NA,NA,NA,NA,NA,NA,NA,"127_8","127_8Nm","N","m","1","SEM-R,   East, G8","8","Secondary",13.5,0.2,NA,0.477,NA,NA,0.683,"No / Not reported","classroom/ large group","School Staff",6800,160,42.5,"Reported","GMRT = Gates–MacGinitie Reading Tests","YES - standardized",521.98,27.12,117,522.23,27.7,117,NA,NA,NA,NA,NA,NA
145,NA,NA,NA,NA,NA,NA,NA,NA,NA,"127_8","127_8m",NA,"m","ctl","Control, East, G8","8","Secondary",13.5,0.2,NA,0.477,NA,NA,0.683,NA,NA,NA,NA,NA,NA,NA,"GMRT = Gates–MacGinitie Reading Tests","YES - standardized",522.34,33.23,134,522.43,31.16,134,NA,NA,NA,NA,NA,NA
146,NA,NA,NA,NA,NA,NA,NA,NA,NA,"127_6","127_6Nm","N","m","1","SEM-R,   West, G6","6","Secondary",11.5,0.2,NA,0.79,NA,NA,0.692,"No / Not reported","classroom/ large group","School Staff",6800,160,42.5,"Reported","GMRT = Gates–MacGinitie Reading Tests","YES - standardized",498.84,35.16,176,501.99,31.33,176,NA,NA,NA,NA,NA,NA
147,NA,NA,NA,NA,NA,NA,NA,NA,NA,"127_6","127_6m",NA,"m","ctl","Control, West G6","6","Secondary",11.5,0.2,NA,0.79,NA,NA,0.692,NA,NA,NA,NA,NA,NA,NA,"GMRT = Gates–MacGinitie Reading Tests","YES - standardized",505.65,31.49,84,510.28,32.59,84,NA,NA,NA,NA,NA,NA
148,NA,NA,NA,NA,NA,NA,NA,NA,NA,"127_7","127_7Nm","N","m","1","SEM-R,   West, G7","7","Secondary",12.5,0.2,NA,0.79,NA,NA,0.692,"No / Not reported","classroom/ large group","School Staff",6800,160,42.5,"Reported","GMRT = Gates–MacGinitie Reading Tests","YES - standardized",523.13,26.26,196,526.38,28.99,196,NA,NA,NA,NA,NA,NA
149,NA,NA,NA,NA,NA,NA,NA,NA,NA,"127_7","127_7m",NA,"m","ctl","Control, West G7","7","Secondary",12.5,0.2,NA,0.79,NA,NA,0.692,NA,NA,NA,NA,NA,NA,NA,"GMRT = Gates–MacGinitie Reading Tests","YES - standardized",517.99,28.76,78,521.44,30.89,78,NA,NA,NA,NA,NA,NA
150,NA,NA,NA,NA,NA,NA,NA,NA,NA,"127_8","127_8Nm","N","m","1","SEM-R,   West, G8","8","Secondary",13.5,0.2,NA,0.79,NA,NA,0.692,"No / Not reported","classroom/ large group","School Staff",6800,160,42.5,"Reported","GMRT = Gates–MacGinitie Reading Tests","YES - standardized",535.06,30.68,200,535.59,31.14,200,NA,NA,NA,NA,NA,NA
151,NA,NA,NA,NA,NA,NA,NA,NA,NA,"127_8","127_8m",NA,"m","ctl","Control, West, G8","8","Secondary",13.5,0.2,NA,0.79,NA,NA,0.692,NA,NA,NA,NA,NA,NA,NA,"GMRT = Gates–MacGinitie Reading Tests","YES - standardized",530.72,27.92,106,519.06,36.21,106,NA,NA,NA,NA,NA,NA
152,NA,NA,NA,NA,NA,NA,NA,NA,NA,"127_6","127_6Nm","N","m","1","SEM-R,   South, G6","6","Secondary",11.5,0.2,NA,0.769,NA,NA,0.667,"No / Not reported","classroom/ large group","School Staff",6800,160,42.5,"Reported","GMRT = Gates–MacGinitie Reading Tests","YES - standardized",509.06,28.54,49,511.67,26.68,49,NA,NA,NA,NA,NA,NA
153,NA,NA,NA,NA,NA,NA,NA,NA,NA,"127_6","127_6m",NA,"m","ctl","Control, South, G6","6","Secondary",11.5,0.2,NA,0.769,NA,NA,0.667,NA,NA,NA,NA,NA,NA,NA,"GMRT = Gates–MacGinitie Reading Tests","YES - standardized",498.09,29.08,47,494.35,30.34,47,NA,NA,NA,NA,NA,NA
154,NA,NA,NA,NA,NA,NA,NA,NA,NA,"127_7","127_7Nm","N","m","1","SEM-R,   South, G7","7","Secondary",12.5,0.2,NA,0.769,NA,NA,0.667,"No / Not reported","classroom/ large group","School Staff",6800,160,42.5,"Reported","GMRT = Gates–MacGinitie Reading Tests","YES - standardized",534.12,27.62,40,546.68,30.07,40,NA,NA,NA,NA,NA,NA
155,NA,NA,NA,NA,NA,NA,NA,NA,NA,"127_7","127_7m",NA,"m","ctl","Control, South, G7","7","Secondary",12.5,0.2,NA,0.769,NA,NA,0.667,NA,NA,NA,NA,NA,NA,NA,"GMRT = Gates–MacGinitie Reading Tests","YES - standardized",516.22,27.44,36,518.08,26.45,36,NA,NA,NA,NA,NA,NA
156,NA,NA,NA,NA,NA,NA,NA,NA,NA,"127_8","127_8Nm","N","m","1","SEM-R,   South, G8","8","Secondary",13.5,0.2,NA,0.769,NA,NA,0.667,"No / Not reported","classroom/ large group","School Staff",6800,160,42.5,"Reported","GMRT = Gates–MacGinitie Reading Tests","YES - standardized",524.51,21.49,43,535.42,27.69,43,NA,NA,NA,NA,NA,NA
157,NA,NA,NA,NA,NA,NA,NA,NA,NA,"127_8","127_8m",NA,"m","ctl","Control, South, G8","8","Secondary",13.5,0.2,NA,0.769,NA,NA,0.667,NA,NA,NA,NA,NA,NA,NA,"GMRT = Gates–MacGinitie Reading Tests","YES - standardized",532.76,21.61,41,535.55,31.68,41,NA,NA,NA,NA,NA,NA
158,NA,NA,NA,NA,NA,NA,NA,NA,NA,"127_6","127_6Nm","N","m","1","SEM-R,   North, G6","6","Secondary",11.5,0.2,NA,0.662,NA,NA,0.85,"No / Not reported","classroom/ large group","School Staff",6800,160,42.5,"Reported","GMRT = Gates–MacGinitie Reading Tests","YES - standardized",507.52,27.64,109,507.61,29.89,109,NA,NA,NA,NA,NA,NA
159,NA,NA,NA,NA,NA,NA,NA,NA,NA,"127_6","127_6m",NA,"m","ctl","Control, North G6","6","Secondary",11.5,0.2,NA,0.662,NA,NA,0.85,NA,NA,NA,NA,NA,NA,NA,"GMRT = Gates–MacGinitie Reading Tests","YES - standardized",475.49,37.8,53,495.55,35.87,53,NA,NA,NA,NA,NA,NA
160,NA,NA,NA,NA,NA,NA,NA,NA,NA,"127_7","127_7Nm","N","m","1","SEM-R,   North, G7","7","Secondary",12.5,0.2,NA,0.662,NA,NA,0.85,"No / Not reported","classroom/ large group","School Staff",6800,160,42.5,"Reported","GMRT = Gates–MacGinitie Reading Tests","YES - standardized",526.86,35.8,58,531.49,36.54,58,NA,NA,NA,NA,NA,NA
161,NA,NA,NA,NA,NA,NA,NA,NA,NA,"127_7","127_7m",NA,"m","ctl","Control, North G7","7","Secondary",12.5,0.2,NA,0.662,NA,NA,0.85,NA,NA,NA,NA,NA,NA,NA,"GMRT = Gates–MacGinitie Reading Tests","YES - standardized",508.19,32.15,53,515.25,27.47,53,NA,NA,NA,NA,NA,NA
162,NA,NA,NA,NA,NA,NA,NA,NA,NA,"127_8","127_8Nm","N","m","1","SEM-R,   North, G8","8","Secondary",13.5,0.2,NA,0.662,NA,NA,0.85,"No / Not reported","classroom/ large group","School Staff",6800,160,42.5,"Reported","GMRT = Gates–MacGinitie Reading Tests","YES - standardized",515.45,27.74,56,509.12,31.63,56,NA,NA,NA,NA,NA,NA
163,NA,NA,NA,NA,NA,NA,NA,NA,NA,"127_8","127_8m",NA,"m","ctl","Control, North, G8","8","Secondary",13.5,0.2,NA,0.662,NA,NA,0.85,NA,NA,NA,NA,NA,NA,NA,"GMRT = Gates–MacGinitie Reading Tests","YES - standardized",521.79,23.65,55,506.16,30.25,55,NA,NA,NA,NA,NA,NA
164,"Guthrie & Klauda, 2014","128","USA","USA","English","English","School Environment","peer reviewed paper","QED","128","128NVcm","NV","cm","1","CORI (time 1-2)","7","Secondary",12.5,0.2,NA,0.203,0.01,0.47,0.211,"No / Not reported","classroom/ large group","School Staff",1800,20,90,"Reported","Informational text comprehension","NO - Not standardized",54.06,15.41,269,56.94,16.7,269,NA,NA,NA,NA,NA,NA
165,NA,NA,NA,NA,NA,NA,NA,NA,NA,"128","128m",NA,"m","ctl","TI (time 1-2)","7","Secondary",12.5,0.2,NA,0.203,0.01,0.47,0.211,NA,"classroom/ large group","School Staff",1800,20,90,NA,"Informational text comprehension","NO - Not standardized",53.19,14.1,288,53.6,17.55,288,NA,NA,NA,NA,NA,NA
166,"Guthrie et al., 1998","129","USA","USA","English","English","School Environment","peer reviewed paper","QED","129_1","129_1Nm","N","m","1","CORI (Grade3)","3","Elementary",8.5,1,NA,NA,NA,0.5,0.78,"No / Not reported","classroom/ large group","School Staff",7650,85,90,"Reported","text comprehension - total (April, EOY)","NO - Not standardized",NA,NA,NA,13.52,2.77,48,NA,NA,NA,NA,NA,NA
167,NA,NA,NA,NA,NA,NA,NA,NA,NA,NA,NA,NA,NA,NA,NA,NA,NA,NA,NA,NA,NA,NA,NA,NA,NA,NA,NA,NA,NA,NA,NA,"text comprehension - story (April, EOY)","NO - Not standardized",NA,NA,NA,6,1.62,48,NA,NA,NA,NA,NA,NA
168,NA,NA,NA,NA,NA,NA,NA,NA,NA,NA,NA,NA,NA,NA,NA,NA,NA,NA,NA,NA,NA,NA,NA,NA,NA,NA,NA,NA,NA,NA,NA,"text comprehension - informational text (April, EOY)","NO - Not standardized",NA,NA,NA,7.42,1.54,48,NA,NA,NA,NA,NA,NA
169,NA,NA,NA,NA,NA,NA,NA,NA,NA,NA,NA,NA,NA,NA,NA,NA,NA,NA,NA,NA,NA,NA,NA,NA,NA,NA,NA,NA,NA,NA,NA,"Past achievement (pretest ONLY, BOY)","NO - Not standardized",5.77,2.56,48,NA,NA,NA,NA,NA,NA,NA,NA,NA
170,NA,NA,NA,NA,NA,NA,NA,NA,NA,NA,NA,NA,NA,NA,NA,NA,NA,NA,NA,NA,NA,NA,NA,NA,NA,NA,NA,NA,NA,NA,NA,"Literacy level (pretest ONLY, BOY)","NO - Not standardized",2.87,1.2,48,NA,NA,NA,NA,NA,NA,NA,NA,NA
171,NA,NA,NA,NA,NA,NA,NA,NA,NA,"129_1","129_1m",NA,"m","ctl","Traditional (Grade3)","3","Elementary",8.5,1,NA,NA,NA,0.5,0.78,"No / Not reported",NA,"School Staff",NA,NA,NA,NA,"text comprehension - total (April, EOY)","NO - Not standardized",NA,NA,NA,13.73,2.45,42,NA,NA,NA,NA,NA,NA
172,NA,NA,NA,NA,NA,NA,NA,NA,NA,NA,NA,NA,NA,NA,NA,NA,NA,NA,NA,NA,NA,NA,NA,NA,NA,NA,NA,NA,NA,NA,NA,"text comprehension - story (April, EOY)","NO - Not standardized",NA,NA,NA,6.46,1.41,42,NA,NA,NA,NA,NA,NA
173,NA,NA,NA,NA,NA,NA,NA,NA,NA,NA,NA,NA,NA,NA,NA,NA,NA,NA,NA,NA,NA,NA,NA,NA,NA,NA,NA,NA,NA,NA,NA,"text comprehension - informational text (April, EOY)","NO - Not standardized",NA,NA,NA,7.02,1.87,42,NA,NA,NA,NA,NA,NA
174,NA,NA,NA,NA,NA,NA,NA,NA,NA,NA,NA,NA,NA,NA,NA,NA,NA,NA,NA,NA,NA,NA,NA,NA,NA,NA,NA,NA,NA,NA,NA,"Past achievement (pretest ONLY, BOY)","NO - Not standardized",6.51,2.6,42,NA,NA,NA,NA,NA,NA,NA,NA,NA
175,NA,NA,NA,NA,NA,NA,NA,NA,NA,NA,NA,NA,NA,NA,NA,NA,NA,NA,NA,NA,NA,NA,NA,NA,NA,NA,NA,NA,NA,NA,NA,"Literacy level (pretest ONLY, BOY)","NO - Not standardized",3.23,1.49,42,NA,NA,NA,NA,NA,NA,NA,NA,NA
176,"Guthrie et al., 1998","129","USA","USA","English","English","School Environment","peer reviewed paper","QED","129_2","129_2Nm","N","m","1","CORI (Grade5)","5","Elementary",10.5,1,NA,NA,NA,0.5,0.78,"No / Not reported","classroom/ large group","School Staff",7650,85,90,"Reported","text comprehension - total (April, EOY)","NO - Not standardized",NA,NA,NA,14.61,2.67,40,NA,NA,NA,NA,NA,NA
177,NA,NA,NA,NA,NA,NA,NA,NA,NA,NA,NA,NA,NA,NA,NA,NA,NA,NA,NA,NA,NA,NA,NA,NA,NA,NA,NA,NA,NA,NA,NA,"text comprehension - story (April, EOY)","NO - Not standardized",NA,NA,NA,5.9,1.61,40,NA,NA,NA,NA,NA,NA
178,NA,NA,NA,NA,NA,NA,NA,NA,NA,NA,NA,NA,NA,NA,NA,NA,NA,NA,NA,NA,NA,NA,NA,NA,NA,NA,NA,NA,NA,NA,NA,"text comprehension - informational text (April, EOY)","NO - Not standardized",NA,NA,NA,8.71,1.47,40,NA,NA,NA,NA,NA,NA
179,NA,NA,NA,NA,NA,NA,NA,NA,NA,NA,NA,NA,NA,NA,NA,NA,NA,NA,NA,NA,NA,NA,NA,NA,NA,NA,NA,NA,NA,NA,NA,"Past achievement (pretest ONLY, BOY)","NO - Not standardized",7.06,2.56,40,NA,NA,NA,NA,NA,NA,NA,NA,NA
180,NA,NA,NA,NA,NA,NA,NA,NA,NA,NA,NA,NA,NA,NA,NA,NA,NA,NA,NA,NA,NA,NA,NA,NA,NA,NA,NA,NA,NA,NA,NA,"Literacy level (pretest ONLY, BOY)","NO - Not standardized",3.31,1.49,40,NA,NA,NA,NA,NA,NA,NA,NA,NA
181,NA,NA,NA,NA,NA,NA,NA,NA,NA,"129_2","129_2m",NA,"m","ctl","Traditional (Grade 5)","5","Elementary",10.5,1,NA,NA,NA,0.5,0.78,"No / Not reported",NA,"School Staff",NA,NA,NA,NA,"text comprehension - total (April, EOY)","NO - Not standardized",NA,NA,NA,13.61,1.98,42,NA,NA,NA,NA,NA,NA
182,NA,NA,NA,NA,NA,NA,NA,NA,NA,NA,NA,NA,NA,NA,NA,NA,NA,NA,NA,NA,NA,NA,NA,NA,NA,NA,NA,NA,NA,NA,NA,"text comprehension - story (April, EOY)","NO - Not standardized",NA,NA,NA,4.67,1.44,42,NA,NA,NA,NA,NA,NA
183,NA,NA,NA,NA,NA,NA,NA,NA,NA,NA,NA,NA,NA,NA,NA,NA,NA,NA,NA,NA,NA,NA,NA,NA,NA,NA,NA,NA,NA,NA,NA,"text comprehension - informational text (April, EOY)","NO - Not standardized",NA,NA,NA,8.65,1.51,42,NA,NA,NA,NA,NA,NA
184,NA,NA,NA,NA,NA,NA,NA,NA,NA,NA,NA,NA,NA,NA,NA,NA,NA,NA,NA,NA,NA,NA,NA,NA,NA,NA,NA,NA,NA,NA,NA,"Past achievement (pretest ONLY, BOY)","NO - Not standardized",6.65,1.87,42,NA,NA,NA,NA,NA,NA,NA,NA,NA
185,NA,NA,NA,NA,NA,NA,NA,NA,NA,NA,NA,NA,NA,NA,NA,NA,NA,NA,NA,NA,NA,NA,NA,NA,NA,NA,NA,NA,NA,NA,NA,"Literacy level (pretest ONLY, BOY)","NO - Not standardized",3.35,0.89,42,NA,NA,NA,NA,NA,NA,NA,NA,NA
186,"Tijims et al., 2018","130","Netherlands","non-USA","Dutch","non-English","School Environment","peer reviewed paper","RCT","130","130Nm","N","m","1","Intervention","7","Secondary",13.5833333333333,NA,NA,0.8,NA,0.3,NA,"No / Not reported","classroom/ large group","Research Staff",405,9,45,"Reported","reading comprehension (Vlaamse
Test Begrijpend Lezen version grade 6)","YES - standardized",12.73,4.38,40,13.77,4.94,40,NA,NA,NA,NA,NA,NA
187,NA,NA,NA,NA,NA,NA,NA,NA,NA,"130","130bau",NA,NA,"ctl","Control (BAU)","7","Secondary",13.5,NA,NA,0.8,NA,0.24,NA,NA,NA,NA,NA,NA,NA,NA,"reading comprehension (Vlaamse
Test Begrijpend Lezen version grade 6)","YES - standardized",13.14,4.52,50,11.96,5.32,50,NA,NA,NA,NA,NA,NA
188,"Schunk & Rice. (S1), 1987","131","USA","USA","English","English","School Environment","peer reviewed paper","RCT","131","131Vm","V","m","1","specific strategy value information","4, 5","Elementary",11.2,1,NA,0.85,0.25,0.525,0.74,"Yes (Including CAI)","small group (3–7 students)","Research Staff",525,15,35,"Reported","comprehension skill test","NO - Not standardized",4.5,2.7,10,6.3,3.1,10,NA,NA,NA,NA,NA,NA
189,NA,NA,NA,NA,NA,NA,NA,NA,NA,"131","131Vm","V","m","2","general strategy value information","4, 5","Elementary",11.2,1,NA,0.85,0.25,0.525,0.74,"Yes (Including CAI)","small group (3–7 students)","Research Staff",525,15,35,"Reported","comprehension skill test","NO - Not standardized",4.5,2.8,10,6.2,4.9,10,NA,NA,NA,NA,NA,NA
190,NA,NA,NA,NA,NA,NA,NA,NA,NA,"131","131Vm","V","m","3","specific plus general + strategy value information","4, 5","Elementary",11.2,1,NA,0.85,0.25,0.525,0.74,"Yes (Including CAI)","small group (3–7 students)","Research Staff",525,15,35,"Reported","comprehension skill test","NO - Not standardized",4.9,1.9,10,11.2,4.9,10,NA,NA,NA,NA,NA,NA
191,NA,NA,NA,NA,NA,NA,NA,NA,NA,"131","131m",NA,"m","ctl","no strategy value information (instructional control)","4, 5","Elementary",11.2,1,NA,0.85,0.25,0.525,0.74,"Yes (Including CAI)","small group (3–7 students)","Research Staff",525,15,35,"Reported","comprehension skill test","NO - Not standardized",4.3,2.2,10,6.3,2.5,10,NA,NA,NA,NA,NA,NA
192,"Schunk & Rice. (S2), 1987","132","USA","USA","English","English","School Environment","peer reviewed paper","RCT","132","132Vm","V","m","1","specific strategy value","4, 5","Elementary",11,1,NA,NA,NA,0.5,NA,"Yes (Including CAI)","small group (3–7 students)","Research Staff",525,15,35,"Reported","comprehension skill test","NO - Not standardized",4.5,2,10,8.1,2.6,10,NA,NA,NA,NA,NA,NA
193,NA,NA,NA,NA,NA,NA,NA,NA,NA,"132","132Tm","T","m","ctl","strategy effectiveness feedback","4, 5","Elementary",11,1,NA,NA,NA,0.5,NA,"Yes (Including CAI)","small group (3–7 students)","Research Staff",525,15,35,"Reported","comprehension skill test","NO - Not standardized",5.9,2.3,10,7.7,3.1,10,NA,NA,NA,NA,NA,NA
194,NA,NA,NA,NA,NA,NA,NA,NA,NA,"132","132VTm","VT","m","2","strategy value plus effectiveness feedback (combined)","4, 5","Elementary",11,1,NA,NA,NA,0.5,NA,"Yes (Including CAI)","small group (3–7 students)","Research Staff",525,15,35,"Reported","comprehension skill test","NO - Not standardized",5.5,1.5,10,13.5,2.3,10,NA,NA,NA,NA,NA,NA
195,"Orkin, 2013","133","USA","USA","English","English","After school Program","disseration","QED","133","133NGc","NG","c","1","CORI + RAVE-O + Wilson Reading Program","3","Elementary",8.16,1,"0.89",NA,NA,0.416666666666667,0.16,"Yes (Including CAI)","small group (3–7 students)","School Staff",2400,25,120,"Reported","Passage Comprehension (SRI)","YES - standardized",7.75,2.41,12,7.75,2.56,12,NA,NA,NA,NA,NA,NA
196,NA,NA,NA,NA,NA,NA,NA,NA,NA,"133","133c",NA,"c","ctl","incentives + RAVE-O + Wilson Reading Program","3","Elementary",8.16,1,"0.89",NA,NA,0.416666666666667,0.16,"Yes (Including CAI)","small group (3–7 students)","School Staff",2400,25,120,"Reported","Passage Comprehension (SRI)","YES - standardized",8.25,2.41,12,8.5,2.28,12,NA,NA,NA,NA,NA,NA
199,"Hock et al., 2017","135","USA","USA","English","English","School Environment","peer reviewed paper","QED","135","135NVGcm","NVG","cm","1","Fusion (year 1)","6","Secondary",11.5,1,"1",0.55,NA,0.6,0.35,"Yes (Including CAI)","small group (3–7 students)","School Staff",9000,180,50,"Reported","Sentence Comprehension (SC)","YES - standardized",4.85,2.11,20,7.8,2.61,20,NA,NA,NA,NA,NA,NA
200,NA,NA,NA,NA,NA,NA,NA,NA,NA,NA,NA,NA,NA,NA,NA,NA,NA,NA,NA,NA,NA,NA,NA,NA,NA,NA,NA,NA,NA,NA,NA,"Passage Comprehension (PCO)","YES - standardized",7.65,2.5,20,12,4.44,20,NA,NA,NA,NA,NA,NA
201,NA,NA,NA,NA,NA,NA,NA,NA,NA,NA,NA,NA,NA,NA,NA,NA,NA,NA,NA,NA,NA,NA,NA,NA,NA,NA,NA,NA,NA,NA,NA,"* MAP composite","YES - standardized",186.2,11.12,20,195.79,6.9,20,"201.17",7.17,20,12,NA,NA
202,NA,NA,NA,NA,NA,NA,NA,NA,NA,"135","135m",NA,"m","ctl","Comparison - Corrective Reading(year1)","6","Secondary",11.5,1,"1",0.55,NA,0.75,0.35,NA,"small group (3–7 students)","School Staff",NA,NA,NA,"Reported","Sentence Comprehension (SC)","YES - standardized",4.4,2.19,20,5.2,1.85,20,NA,NA,NA,NA,NA,NA
203,NA,NA,NA,NA,NA,NA,NA,NA,NA,NA,NA,NA,NA,NA,NA,NA,NA,NA,NA,NA,NA,NA,NA,NA,NA,NA,NA,NA,NA,NA,NA,"Passage Comprehension (PCO)","YES - standardized",8.5,3.02,20,7.8,4.7,20,NA,NA,NA,NA,NA,NA
204,NA,NA,NA,NA,NA,NA,NA,NA,NA,NA,NA,NA,NA,NA,NA,NA,NA,NA,NA,NA,NA,NA,NA,NA,NA,NA,NA,NA,NA,NA,NA,"* MAP composite","YES - standardized",185.47,9.02,20,188.94,9.4,20,"199.33",8.58,20,12,NA,NA
205,"Schunk et al., 1996","136","USA","USA","English","English","School Environment","peer reviewed paper","RCT","136","136m",NA,"m","1","Fading only","5","Elementary",10.7,1,NA,0.85,0.272727272727273,0.363636363636364,0.909090909090909,"Yes (Including CAI)","small group (3–7 students)","Research Staff",420,12,35,"Not reported","comprehension skill test","NO - Not standardized",5.6,1.4,11,12.1,2.6,11,NA,NA,NA,NA,NA,NA
206,NA,NA,NA,NA,NA,NA,NA,NA,NA,"136","136VTm","VT","m","2","Feedback only","5","Elementary",10.4,1,NA,0.85,0.272727272727273,0.363636363636364,0.636363636363636,"Yes (Including CAI)","small group (3–7 students)","Research Staff",420,12,35,"Not reported","comprehension skill test","NO - Not standardized",5.4,1.2,11,10,1.9,11,NA,NA,NA,NA,NA,NA
207,NA,NA,NA,NA,NA,NA,NA,NA,NA,"136","136VTm","VT","m","3","Fading + feedback","5","Elementary",10.8,1,NA,0.85,0.272727272727273,0.454545454545455,0.727272727272727,"Yes (Including CAI)","small group (3–7 students)","Research Staff",420,12,35,"Not reported","comprehension skill test","NO - Not standardized",5.8,1.5,11,13.1,2.4,11,NA,NA,NA,NA,NA,NA
208,NA,NA,NA,NA,NA,NA,NA,NA,NA,"136","136m",NA,"m","ctl","No fading/feedback","5","Elementary",10.8,1,NA,0.85,0.181818181818182,0.272727272727273,0.727272727272727,"Yes (Including CAI)","small group (3–7 students)","Research Staff",420,12,35,"Not reported","comprehension skill test","NO - Not standardized",5.5,3.2,11,7.1,2.1,11,NA,NA,NA,NA,NA,NA
209,"Schunk & Rice., 1992","137","USA","USA","English","English","School Environment","peer reviewed paper","RCT","137","137Nm","N","m","1","Strategy Instruction","5","Elementary",10.6,1,NA,0.85,0.25,0.575757575757576,0.74,"Yes (Including CAI)","small group (3–7 students)","Research Staff",525,15,35,"Not reported","comprehension skill test","NO - Not standardized",5.7,1.7,11,7.9,3.1,11,"7.8",2.6,11,2.5,NA,NA
210,NA,NA,NA,NA,NA,NA,NA,NA,NA,"137","137NVTm","NVT","m","2","Strategy Feedback","5","Elementary",10.6,1,NA,0.85,0.25,0.575757575757576,0.74,"Yes (Including CAI)","small group (3–7 students)","Research Staff",525,15,35,"Not reported","comprehension skill test","NO - Not standardized",6.4,1.7,11,10.8,2.2,11,"10.6",2.6,11,2.5,NA,NA
211,NA,NA,NA,NA,NA,NA,NA,NA,NA,"137","137m",NA,"m","ctl","Control","5","Elementary",10.6,1,NA,0.85,0.25,0.575757575757576,0.74,"Yes (Including CAI)","small group (3–7 students)","Research Staff",525,15,35,"Not reported","comprehension skill test","NO - Not standardized",6.5,2.9,11,7.2,3.3,11,"7.5",2.8,11,2.5,NA,NA
212,"van Rijk et al., 2017","138","Netherlands","non-USA","Dutch","non-English","School Environment","peer reviewed paper","QED","138","138Nm","N","m","1","DE (Developmental Education) - CORI","4","Elementary",9.5,NA,NA,0.074,0.054,0.461,0.314,"No / Not reported","classroom/ large group","School Staff",2880,64,45,"Not reported","PIRLS Read comprehension","NO - Not standardized",7.33,3.09,248,9.26,3.43,243,NA,NA,NA,NA,NA,NA
213,NA,NA,NA,NA,NA,NA,NA,NA,NA,"138","138m",NA,"m","ctl","PI (Programmatic Instruction)","4","Elementary",9.5,NA,NA,0.058,0.019,0.494,0.253,"No / Not reported","classroom/ large group","School Staff",2880,64,45,"Not reported","PIRLS Read comprehension","NO - Not standardized",6.93,2.96,293,9.62,3.41,291,NA,NA,NA,NA,NA,NA
214,"McBreen & Savage, 2022","139","Canada","non-USA","English","English","School Environment","peer reviewed paper","RCT","139","139NGTcm","NGT","cm","1","Cognitive + Motivational","3","Elementary",8.99,1,"0",0,0,0.64,0.44,"No / Not reported","small group (3–7 students)","Research Staff",900,20,45,"Reported","GRADE Sentence Comprehension subtest","YES - standardized",2.55,0.93,14,2.36,1.03,14,NA,NA,NA,NA,NA,NA
215,NA,NA,NA,NA,NA,NA,NA,NA,NA,"139","139cm",NA,"cm","ctl","Cognitive-Only","3","Elementary",8.99,1,"0",0,0,0.64,0.44,"No / Not reported","small group (3–7 students)","Research Staff",900,20,45,"Reported","GRADE Sentence Comprehension subtest","YES - standardized",1.86,0.95,11,2.29,1.2,11,NA,NA,NA,NA,NA,NA
216,"Alhaidari, 2006","140","USA","USA","English","English","School Environment","disseration","QED","140_1","140_1Ncm","N","cm","1","Experimental (coopeative learning)","4","Elementary",9.5,NA,NA,NA,1,1,1,"No / Not reported","classroom/ large group","School Staff",1080,24,45,"Not reported","Reading Comprehension Tests","NO - Not standardized",7.82,3.7,17,8.47,3.52,17,NA,NA,NA,NA,NA,NA
217,NA,NA,NA,NA,NA,NA,NA,NA,NA,"140_1","140_1bau",NA,NA,"ctl","Comparison","4","Elementary",9.5,NA,NA,NA,1,1,1,"No / Not reported","classroom/ large group","School Staff",1080,24,45,"Not reported","Reading Comprehension Tests","NO - Not standardized",7.64,3.65,14,8,3.4,14,NA,NA,NA,NA,NA,NA
218,"Alhaidari, 2006","140","USA","USA","English","English","School Environment","disseration","QED","140_2","140_2Ncm","N","cm","1","Experimental (coopeative learning)","5","Elementary",10.5,NA,NA,NA,1,1,1,"No / Not reported","classroom/ large group","School Staff",1080,24,45,"Not reported","Reading Comprehension Tests","NO - Not standardized",9.67,3.42,12,11.58,3.94,12,NA,NA,NA,NA,NA,NA
219,NA,NA,NA,NA,NA,NA,NA,NA,NA,"140_2","140_2bau",NA,NA,"ctl","Comparison","5","Elementary",10.5,NA,NA,NA,1,1,1,"No / Not reported","classroom/ large group","School Staff",1080,24,45,"Not reported","Reading Comprehension Tests","NO - Not standardized",9.64,3.47,14,10.86,4.05,14,NA,NA,NA,NA,NA,NA
220,"Berkeley， 2007","141","USA","USA","English","English","School Environment","disseration","RCT","141","141NTm","NT","m","1","RCS + AR (7 groups)","7, 8, 9","Secondary",13.2,0.508,"1",NA,0.363636363636364,0.727,0.773,"Yes (Including CAI)","small group (3–7 students)","Research Staff",360,12,30,"Reported","Main Idea Test","YES - standardized",3.82,1.31,22,7.39,2.17,22,NA,NA,NA,NA,NA,NA
221,NA,NA,NA,NA,NA,NA,NA,NA,NA,NA,NA,NA,NA,NA,NA,NA,NA,NA,NA,NA,NA,NA,NA,NA,NA,NA,NA,NA,NA,NA,NA,"Passage Specific Test - Passage Production Subtest","NO - Not standardized",2.14,1.36,22,3.41,1.99,22,NA,NA,NA,NA,NA,NA
222,NA,NA,NA,NA,NA,NA,NA,NA,NA,NA,NA,NA,NA,NA,NA,NA,NA,NA,NA,NA,NA,NA,NA,NA,NA,NA,NA,NA,NA,NA,NA,"Passage Specific Test - Passage Identification Subtest","NO - Not standardized",4.32,1.52,22,5.45,1.65,22,NA,NA,NA,NA,NA,NA
223,NA,NA,NA,NA,NA,NA,NA,NA,NA,NA,NA,NA,NA,NA,NA,NA,NA,NA,NA,NA,NA,NA,NA,NA,NA,NA,NA,NA,NA,NA,NA,"Passage Specific Test - Total Score","NO - Not standardized",6.45,2.24,22,8.86,3.39,22,NA,NA,NA,NA,NA,NA
224,NA,NA,NA,NA,NA,NA,NA,NA,NA,"141","141Nm","N","m","2","RCS (7 groups)","7, 8, 9","Secondary",13.2,0.508,"1",NA,0.4,0.6,0.95,"Yes (Including CAI)","small group (3–7 students)","School Staff",360,12,30,"Reported","Main Idea Test","YES - standardized",3.7,1.73,20,6.35,1.78,20,NA,NA,NA,NA,NA,NA
225,NA,NA,NA,NA,NA,NA,NA,NA,NA,NA,NA,NA,NA,NA,NA,NA,NA,NA,NA,NA,NA,NA,NA,NA,NA,NA,NA,NA,NA,NA,NA,"Passage Specific Test - Passage Production Subtest","NO - Not standardized",1.55,1.4,20,3,2.18,20,NA,NA,NA,NA,NA,NA
226,NA,NA,NA,NA,NA,NA,NA,NA,NA,NA,NA,NA,NA,NA,NA,NA,NA,NA,NA,NA,NA,NA,NA,NA,NA,NA,NA,NA,NA,NA,NA,"Passage Specific Test - Passage Identification Subtest","NO - Not standardized",4.2,1.44,20,4.95,1.79,20,NA,NA,NA,NA,NA,NA
227,NA,NA,NA,NA,NA,NA,NA,NA,NA,NA,NA,NA,NA,NA,NA,NA,NA,NA,NA,NA,NA,NA,NA,NA,NA,NA,NA,NA,NA,NA,NA,"Passage Specific Test - Total Score","NO - Not standardized",5.75,2.2,20,7.95,3.76,20,NA,NA,NA,NA,NA,NA
228,NA,NA,NA,NA,NA,NA,NA,NA,NA,"141","141cm",NA,"cm","ctl","RN (7 groups)","7, 8, 9","Secondary",13.2,0.508,"1",NA,0.380952380952381,0.714,0.905,"Yes (Including CAI)","small group (3–7 students)","School Staff",360,12,30,"Reported","Main Idea Test","YES - standardized",3.79,1.61,21,4.93,1.55,21,NA,NA,NA,NA,NA,NA
229,NA,NA,NA,NA,NA,NA,NA,NA,NA,NA,NA,NA,NA,NA,NA,NA,NA,NA,NA,NA,NA,NA,NA,NA,NA,NA,NA,NA,NA,NA,NA,"Passage Specific Test - Passage Production Subtest","NO - Not standardized",1.71,1.19,21,3.05,2.11,21,NA,NA,NA,NA,NA,NA
230,NA,NA,NA,NA,NA,NA,NA,NA,NA,NA,NA,NA,NA,NA,NA,NA,NA,NA,NA,NA,NA,NA,NA,NA,NA,NA,NA,NA,NA,NA,NA,"Passage Specific Test - Passage Identification Subtest","NO - Not standardized",4.1,1.22,21,5.19,2.02,21,NA,NA,NA,NA,NA,NA
231,NA,NA,NA,NA,NA,NA,NA,NA,NA,NA,NA,NA,NA,NA,NA,NA,NA,NA,NA,NA,NA,NA,NA,NA,NA,NA,NA,NA,NA,NA,NA,"Passage Specific Test - Total Score","NO - Not standardized",5.81,2.18,21,8.24,3.86,21,NA,NA,NA,NA,NA,NA
232,"Chan， 1996","142","Australia","non-USA","English","English","School Environment","peer reviewed paper","RCT","142_1","142_1Tm","T","m","1","SUAT - poor readers","7","Secondary",13,1,NA,1,NA,0.675,NA,"Yes (Including CAI)","small group (3–7 students)","Research Staff",540,9,60,"Not reported","reading comprehension","NO - Not standardized",4.18,2.6,11,8.18,1.72,11,"6.64",3.11,11,1,NA,NA
233,NA,NA,NA,NA,NA,NA,NA,NA,NA,"142_1","142_1Tm","T","m","2","SIAT - poor readers","7","Secondary",13,1,NA,1,NA,0.675,NA,"Yes (Including CAI)","small group (3–7 students)","Research Staff",540,9,60,"Not reported","reading comprehension","NO - Not standardized",4.38,2.5,9,4.88,3.52,9,"5.13",2.48,9,1,NA,NA
235,NA,NA,NA,NA,NA,NA,NA,NA,NA,"142_1","142_1m",NA,"m","ctl","ST - poor readers","7","Secondary",13,1,NA,1,NA,0.675,NA,"Yes (Including CAI)","small group (3–7 students)","Research Staff",540,9,60,"Not reported","reading comprehension","NO - Not standardized",4.44,2.92,9,4.56,2.01,9,"#",2.35,9,1,NA,NA
236,"Chan， 1996","142","Australia","non-USA","English","English","School Environment","peer reviewed paper","RCT","142_2","142_2Tm","T","m","1","SUAT - ave. readers","7","Secondary",13,0,NA,1,NA,0.517857142857143,NA,"Yes (Including CAI)","small group (3–7 students)","Research Staff",540,9,60,"Not reported","reading comprehension","NO - Not standardized",7.94,2.78,18,9.56,2.33,18,"7.33",1.75,18,1,NA,NA
237,NA,NA,NA,NA,NA,NA,NA,NA,NA,"142_2","142_2Tm","T","m","2","SIAT - ave. readers","7","Secondary",13,0,NA,1,NA,0.517857142857143,NA,"Yes (Including CAI)","small group (3–7 students)","Research Staff",540,9,60,"Not reported","reading comprehension","NO - Not standardized",7.91,2.12,11,9.73,1.62,11,"6.64",1.91,11,1,NA,NA
239,NA,NA,NA,NA,NA,NA,NA,NA,NA,"142_2","142_2m",NA,"m","ctl","ST - ave. readers","7","Secondary",13,0,NA,1,NA,0.517857142857143,NA,"Yes (Including CAI)","small group (3–7 students)","Research Staff",540,9,60,"Not reported","reading comprehension","NO - Not standardized",8.2,1.97,15,8.8,2.01,15,"8.07",2.58,15,1,NA,NA
240,"Burke, 1992","143","USA","USA","English","English","School Environment","disseration","RCT","143","143Nm","N","m","1","Stra + Att, Teacher1","8","Secondary",13.5,0,"0",0.42,NA,NA,NA,"No / Not reported","classroom/ large group","School Staff",1600,40,40,"Not reported","General Comprehension Scores","NO - Not standardized",8.2,3.302,50.75,7.65,2.681,50.75,"9",3.27,50.75,2,NA,NA
241,NA,NA,NA,NA,NA,NA,NA,NA,NA,"143","143NGTm","NGT","m","2","Stra only, Teacher1","8","Secondary",13.5,0,"0",0.42,NA,NA,NA,"No / Not reported","classroom/ large group","School Staff",1600,40,40,"Not reported","General Comprehension Scores","NO - Not standardized",7.5,2.686,50.75,7.455,3.035,50.75,"10.71",2.36,50.75,2,NA,NA
243,NA,NA,NA,NA,NA,NA,NA,NA,NA,"143","143bau",NA,NA,"ctl","Control, Teacher1","8","Secondary",13.5,0,"0",0.42,NA,NA,NA,"No / Not reported","classroom/ large group","School Staff",1600,40,40,"Not reported","General Comprehension Scores","NO - Not standardized",8.316,2.286,50.75,6.947,2.677,50.75,"8.58",2.53,50.75,2,NA,NA
244,"Burke, 1992","143","USA","USA","English","English","School Environment","disseration","RCT","143","143Nm","N","m","1","Stra + Att, Teacher2","8","Secondary",13.5,0,"0",0.42,NA,NA,NA,"No / Not reported","classroom/ large group","School Staff",1600,40,40,"Not reported","General Comprehension Scores","NO - Not standardized",9.381,2.991,50.75,8.476,3.444,50.75,"9.3800000000000008",3.46,50.75,2,NA,NA
245,NA,NA,NA,NA,NA,NA,NA,NA,NA,"143","143GTm","GT","m","2","Stra only, Teacher2","8","Secondary",13.5,0,"0",0.42,NA,NA,NA,"No / Not reported","classroom/ large group","School Staff",1600,40,40,"Not reported","General Comprehension Scores","NO - Not standardized",8.739,3.208,50.75,8.565,2.967,50.75,"9.64",2.9,50.75,2,NA,NA
247,NA,NA,NA,NA,NA,NA,NA,NA,NA,"143","143bau",NA,NA,"ctl","Control, Teacher2","8","Secondary",13.5,0,"0",0.42,NA,NA,NA,"No / Not reported","classroom/ large group","School Staff",1600,40,40,"Not reported","General Comprehension Scores","NO - Not standardized",7.44,3.28,50.75,10.48,11.106,50.75,"8.81",3.61,50.75,2,NA,NA
257,"Mete, 2020","145","Turky","non-USA","Turkish","non-English","School Environment","peer reviewed paper","QED","145","145NGm","NG","m","1","experimental REM","6","Secondary",11.5,NA,NA,NA,NA,0.387,NA,"No / Not reported","classroom/ large group","Research Staff",2160,36,60,"Not reported","reading comprehension achievement test (RCAT)","NO - Not standardized",52.09,20.9,31,57.9,18.7,31,NA,NA,NA,NA,NA,NA
258,NA,NA,NA,NA,NA,NA,NA,NA,NA,"145","145bau",NA,NA,"ctl","control","6","Secondary",11.5,NA,NA,NA,NA,0.5807,NA,NA,NA,NA,NA,NA,NA,NA,"reading comprehension achievement test (RCAT)","NO - Not standardized",56.77,14.3,31,56.93,15.8,31,NA,NA,NA,NA,NA,NA
259,"Souvignier & Mokhlesgerami, 2006","146","Germany","non-USA","German","non-English","School Environment","peer reviewed paper","QED","146","146NVGTm","NVGT","m","1","Strat + CSR + MSR","5","Elementary",11,NA,NA,NA,NA,0.499156829679595,NA,"Yes (Including CAI)","classroom/ large group","School Staff",900,20,45,"Reported","Reading comprehension","YES - standardized",5.69,2.59,95,7.65,2.08,95,"10.49",1.71,95,6,NA,NA
260,NA,NA,NA,NA,NA,NA,NA,NA,NA,"146","146NVm","NV","m","2","Strat + CSR","5","Elementary",11,NA,NA,NA,NA,0.499156829679595,NA,"Yes (Including CAI)","classroom/ large group","School Staff",900,20,45,"Reported","Reading comprehension","YES - standardized",5.76,2.73,146,7.26,1.78,146,"10.119999999999999",1.95,146,6,NA,NA
261,NA,NA,NA,NA,NA,NA,NA,NA,NA,"146","146m",NA,"m","3","Strat","5","Elementary",11,NA,NA,NA,NA,0.499156829679595,NA,"Yes (Including CAI)","classroom/ large group","School Staff",900,20,45,"Reported","Reading comprehension","YES - standardized",5.97,2.59,89,7.89,2.13,89,"11.02",1.57,89,6,NA,NA
262,NA,NA,NA,NA,NA,NA,NA,NA,NA,"146","146bau",NA,NA,"ctl","Control","5","Elementary",11,NA,NA,NA,NA,0.499156829679595,NA,NA,NA,NA,NA,NA,NA,NA,"Reading comprehension","YES - standardized",5.13,2.58,84,7.15,2.03,84,"9.36",2.39,84,6,NA,NA
263,"Schünemann et al., 2013","147","Germany","non-USA","German","non-English","School Environment","peer reviewed paper","QED","147","147m",NA,"m","ctl","Comparison","5","Elementary",11.7,NA,NA,NA,0,0.435483870967742,NA,NA,NA,NA,NA,NA,NA,NA,"FLVT Reading comprehension","YES - standardized",50.2,8.22,62,49.32,7.05,127,"50.33",7.49,117,2,NA,NA
264,NA,NA,NA,NA,NA,NA,NA,NA,NA,"147","147NVm","NV","m","1","RT","5","Elementary",11.05,NA,NA,NA,0,0.47244094488189,NA,"No / Not reported","classroom/ large group","Research Staff",630,14,45,"Reported","FLVT Reading comprehension","YES - standardized",49.76,8.93,62,49.99,9.02,127,"50.61",9.55,117,2,NA,NA
265,NA,NA,NA,NA,NA,NA,NA,NA,NA,"147","147NVGTm","NVGT","m","2","RT + SRL","5","Elementary",11.02,NA,NA,NA,0,0.478632478632479,NA,"No / Not reported","classroom/ large group","Research Staff",630,14,45,"Reported","FLVT Reading comprehension","YES - standardized",48.75,7.91,62,52.14,8.93,127,"53.73",9.19,117,2,NA,NA
266,"Spörer & Schünemann, 2014","148","Germany","non-USA","German","non-English","School Environment","peer reviewed paper","QED","148","148Nm","N","m","ctl","RT","5","Elementary",10.48,NA,NA,NA,0.0075187969924812,0.586466165413534,NA,"No / Not reported","classroom/ large group","Research Staff",630,45,14,"Reported","FLVT 5-6 Reading Comprehension","YES - standardized",49.31,8.22,133,50.43,8.08,133,"50.53",8.87,133,2,0.61,0.71
267,NA,NA,NA,NA,NA,NA,NA,NA,NA,"148","148NVGm","NVG","m","1","RT + SIP (pretest sig.)","5","Elementary",10.57,NA,NA,NA,0.0387596899224806,0.496124031007752,NA,"No / Not reported","classroom/ large group","Research Staff",630,45,14,"Reported","FLVT 5-6 Reading Comprehension","YES - standardized",50.81,9.19,129,52.18,7.95,129,"54.3",8.79,129,2,0.61,0.71
268,NA,NA,NA,NA,NA,NA,NA,NA,NA,"148","148NVGm","NVG","m","2","RT + ORP","5","Elementary",10.6,NA,NA,NA,0.0158730158730159,0.563492063492063,NA,"No / Not reported","classroom/ large group","Research Staff",630,45,14,"Reported","FLVT 5-6 Reading Comprehension","YES - standardized",48.57,12.32,126,52.41,9.43,126,"52.56",10.25,126,2,0.61,0.71
269,NA,NA,NA,NA,NA,NA,NA,NA,NA,"148","148NGm","NG","m","3","RT + SRL","5","Elementary",10.55,NA,NA,NA,0.0273972602739726,0.575342465753425,NA,"No / Not reported","classroom/ large group","Research Staff",630,45,14,"Reported","FLVT 5-6 Reading Comprehension","YES - standardized",48.54,8.87,146,50.65,8.4,146,"51.65",7.43,146,2,0.61,0.71
270,"Mason, 2004","149","USA","USA","English","English","School Environment","peer reviewed paper","RCT","149","149NGm","NG","m","1","TWA + SRL","5","Elementary",10.7583333333333,1,"0.1875",0.75,NA,0.5,0.875,"No / Not reported","small group (3–7 students)","Research Staff",260,13,20,"Reported","(immediate) 1. Main idea","NO - Not standardized",2.5,1.83,16,4.38,1.18,16,NA,NA,NA,NA,NA,NA
271,NA,NA,NA,NA,NA,NA,NA,NA,NA,NA,NA,NA,NA,NA,NA,NA,NA,NA,NA,NA,NA,NA,NA,NA,NA,NA,NA,NA,NA,NA,NA,"(immediate) 2. Summary","NO - Not standardized",2.94,1.77,16,5.06,1.81,16,NA,NA,NA,NA,NA,NA
272,NA,NA,NA,NA,NA,NA,NA,NA,NA,NA,NA,NA,NA,NA,NA,NA,NA,NA,NA,NA,NA,NA,NA,NA,NA,NA,NA,NA,NA,NA,NA,"(immediate) 3. Oral retell quality","NO - Not standardized",2.56,0.96,16,4.06,0.93,16,NA,NA,NA,NA,NA,NA
273,NA,NA,NA,NA,NA,NA,NA,NA,NA,NA,NA,NA,NA,NA,NA,NA,NA,NA,NA,NA,NA,NA,NA,NA,NA,NA,NA,NA,NA,NA,NA,"(immediate) 4. Oral retell information units","NO - Not standardized",3.56,1.67,16,6.63,2.96,16,NA,NA,NA,NA,NA,NA
274,NA,NA,NA,NA,NA,NA,NA,NA,NA,NA,NA,NA,NA,NA,NA,NA,NA,NA,NA,NA,NA,NA,NA,NA,NA,NA,NA,NA,NA,NA,NA,"(immediate) 5. Oral retell main ideas","NO - Not standardized",2.06,1,16,3.25,0.86,16,NA,NA,NA,NA,NA,NA
275,NA,NA,NA,NA,NA,NA,NA,NA,NA,NA,NA,NA,NA,NA,NA,NA,NA,NA,NA,NA,NA,NA,NA,NA,NA,NA,NA,NA,NA,NA,NA,"(immediate) 6. Written retell quality","NO - Not standardized",2.75,1,16,3,0.89,16,NA,NA,NA,NA,NA,NA
276,NA,NA,NA,NA,NA,NA,NA,NA,NA,NA,NA,NA,NA,NA,NA,NA,NA,NA,NA,NA,NA,NA,NA,NA,NA,NA,NA,NA,NA,NA,NA,"(immediate) 7. Written retell information units","NO - Not standardized",2.69,2.06,16,3.63,2.06,16,NA,NA,NA,NA,NA,NA
277,NA,NA,NA,NA,NA,NA,NA,NA,NA,NA,NA,NA,NA,NA,NA,NA,NA,NA,NA,NA,NA,NA,NA,NA,NA,NA,NA,NA,NA,NA,NA,"(immediate) 8. Written retell main ideas","NO - Not standardized",1.81,1.22,16,2.75,1.44,16,NA,NA,NA,NA,NA,NA
278,NA,NA,NA,NA,NA,NA,NA,NA,NA,NA,NA,NA,NA,NA,NA,NA,NA,NA,NA,NA,NA,NA,NA,NA,NA,NA,NA,NA,NA,NA,NA,"(3 week) 1. Main idea","NO - Not standardized",2.5,1.83,16,4.13,1.55,16,NA,NA,NA,NA,NA,NA
279,NA,NA,NA,NA,NA,NA,NA,NA,NA,NA,NA,NA,NA,NA,NA,NA,NA,NA,NA,NA,NA,NA,NA,NA,NA,NA,NA,NA,NA,NA,NA,"(3 week) 2. Summary","NO - Not standardized",2.94,1.77,16,4.67,1.59,16,NA,NA,NA,NA,NA,NA
280,NA,NA,NA,NA,NA,NA,NA,NA,NA,NA,NA,NA,NA,NA,NA,NA,NA,NA,NA,NA,NA,NA,NA,NA,NA,NA,NA,NA,NA,NA,NA,"(3 week) 3. Oral retell quality","NO - Not standardized",2.56,0.96,16,3.87,1.25,16,NA,NA,NA,NA,NA,NA
281,NA,NA,NA,NA,NA,NA,NA,NA,NA,NA,NA,NA,NA,NA,NA,NA,NA,NA,NA,NA,NA,NA,NA,NA,NA,NA,NA,NA,NA,NA,NA,"(3 week) 4. Oral retell information units","NO - Not standardized",3.56,1.67,16,4.8,1.7,16,NA,NA,NA,NA,NA,NA
282,NA,NA,NA,NA,NA,NA,NA,NA,NA,NA,NA,NA,NA,NA,NA,NA,NA,NA,NA,NA,NA,NA,NA,NA,NA,NA,NA,NA,NA,NA,NA,"(3 week) 5. Oral retell main ideas","NO - Not standardized",2.06,1,16,2.27,1.1,16,NA,NA,NA,NA,NA,NA
283,NA,NA,NA,NA,NA,NA,NA,NA,NA,NA,NA,NA,NA,NA,NA,NA,NA,NA,NA,NA,NA,NA,NA,NA,NA,NA,NA,NA,NA,NA,NA,"(3 week) 6. Written retell quality","NO - Not standardized",2.75,1,16,3.87,1.07,16,NA,NA,NA,NA,NA,NA
284,NA,NA,NA,NA,NA,NA,NA,NA,NA,NA,NA,NA,NA,NA,NA,NA,NA,NA,NA,NA,NA,NA,NA,NA,NA,NA,NA,NA,NA,NA,NA,"(3 week) 7. Written retell information units","NO - Not standardized",2.69,2.06,16,3.96,1.7,16,NA,NA,NA,NA,NA,NA
285,NA,NA,NA,NA,NA,NA,NA,NA,NA,NA,NA,NA,NA,NA,NA,NA,NA,NA,NA,NA,NA,NA,NA,NA,NA,NA,NA,NA,NA,NA,NA,"(3 week) 8. Written retell main ideas","NO - Not standardized",1.81,1.22,16,2.78,1.4,16,NA,NA,NA,NA,NA,NA
286,NA,NA,NA,NA,NA,NA,NA,NA,NA,"149","149Nm","N","m","ctl","RQ (reciprocal)","5","Elementary",10.485,1,"0.125",0.75,NA,0.4375,0.9375,"No / Not reported","small group (3–7 students)","Research Staff",260,13,20,"Reported","(immediate) 1. Main idea","NO - Not standardized",2.19,1.52,16,1.88,1.2,16,NA,NA,NA,NA,NA,NA
287,NA,NA,NA,NA,NA,NA,NA,NA,NA,NA,NA,NA,NA,NA,NA,NA,NA,NA,NA,NA,NA,NA,NA,NA,NA,NA,NA,NA,NA,NA,NA,"(immediate) 2. Summary","NO - Not standardized",3.88,1.93,16,4.19,1.68,16,NA,NA,NA,NA,NA,NA
288,NA,NA,NA,NA,NA,NA,NA,NA,NA,NA,NA,NA,NA,NA,NA,NA,NA,NA,NA,NA,NA,NA,NA,NA,NA,NA,NA,NA,NA,NA,NA,"(immediate) 3. Oral retell quality","NO - Not standardized",3.06,1.24,16,3,0.89,16,NA,NA,NA,NA,NA,NA
289,NA,NA,NA,NA,NA,NA,NA,NA,NA,NA,NA,NA,NA,NA,NA,NA,NA,NA,NA,NA,NA,NA,NA,NA,NA,NA,NA,NA,NA,NA,NA,"(immediate) 4. Oral retell information units","NO - Not standardized",4,2,16,4.5,2.07,16,NA,NA,NA,NA,NA,NA
290,NA,NA,NA,NA,NA,NA,NA,NA,NA,NA,NA,NA,NA,NA,NA,NA,NA,NA,NA,NA,NA,NA,NA,NA,NA,NA,NA,NA,NA,NA,NA,"(immediate) 5. Oral retell main ideas","NO - Not standardized",2.44,0.96,16,2.56,0.96,16,NA,NA,NA,NA,NA,NA
291,NA,NA,NA,NA,NA,NA,NA,NA,NA,NA,NA,NA,NA,NA,NA,NA,NA,NA,NA,NA,NA,NA,NA,NA,NA,NA,NA,NA,NA,NA,NA,"(immediate) 6. Written retell quality","NO - Not standardized",3,1.03,16,3.19,1.28,16,NA,NA,NA,NA,NA,NA
292,NA,NA,NA,NA,NA,NA,NA,NA,NA,NA,NA,NA,NA,NA,NA,NA,NA,NA,NA,NA,NA,NA,NA,NA,NA,NA,NA,NA,NA,NA,NA,"(immediate) 7. Written retell information units","NO - Not standardized",4.06,2.08,16,3.69,2.5,16,NA,NA,NA,NA,NA,NA
293,NA,NA,NA,NA,NA,NA,NA,NA,NA,NA,NA,NA,NA,NA,NA,NA,NA,NA,NA,NA,NA,NA,NA,NA,NA,NA,NA,NA,NA,NA,NA,"(immediate) 8. Written retell main ideas","NO - Not standardized",2.07,1.12,16,2.63,1.26,16,NA,NA,NA,NA,NA,NA
294,NA,NA,NA,NA,NA,NA,NA,NA,NA,NA,NA,NA,NA,NA,NA,NA,NA,NA,NA,NA,NA,NA,NA,NA,NA,NA,NA,NA,NA,NA,NA,"(3 week) 1. Main idea","NO - Not standardized",2.19,1.52,16,2.4,1.35,16,NA,NA,NA,NA,NA,NA
295,NA,NA,NA,NA,NA,NA,NA,NA,NA,NA,NA,NA,NA,NA,NA,NA,NA,NA,NA,NA,NA,NA,NA,NA,NA,NA,NA,NA,NA,NA,NA,"(3 week) 2. Summary","NO - Not standardized",3.88,1.93,16,3.93,1.62,16,NA,NA,NA,NA,NA,NA
296,NA,NA,NA,NA,NA,NA,NA,NA,NA,NA,NA,NA,NA,NA,NA,NA,NA,NA,NA,NA,NA,NA,NA,NA,NA,NA,NA,NA,NA,NA,NA,"(3 week) 3. Oral retell quality","NO - Not standardized",3.06,1.24,16,3.33,1.29,16,NA,NA,NA,NA,NA,NA
297,NA,NA,NA,NA,NA,NA,NA,NA,NA,NA,NA,NA,NA,NA,NA,NA,NA,NA,NA,NA,NA,NA,NA,NA,NA,NA,NA,NA,NA,NA,NA,"(3 week) 4. Oral retell information units","NO - Not standardized",4,2,16,3.6,2.41,16,NA,NA,NA,NA,NA,NA
298,NA,NA,NA,NA,NA,NA,NA,NA,NA,NA,NA,NA,NA,NA,NA,NA,NA,NA,NA,NA,NA,NA,NA,NA,NA,NA,NA,NA,NA,NA,NA,"(3 week) 5. Oral retell main ideas","NO - Not standardized",2.44,0.96,16,1.53,1.36,16,NA,NA,NA,NA,NA,NA
299,NA,NA,NA,NA,NA,NA,NA,NA,NA,NA,NA,NA,NA,NA,NA,NA,NA,NA,NA,NA,NA,NA,NA,NA,NA,NA,NA,NA,NA,NA,NA,"(3 week) 6. Written retell quality","NO - Not standardized",3,1.03,16,3.35,1.35,16,NA,NA,NA,NA,NA,NA
300,NA,NA,NA,NA,NA,NA,NA,NA,NA,NA,NA,NA,NA,NA,NA,NA,NA,NA,NA,NA,NA,NA,NA,NA,NA,NA,NA,NA,NA,NA,NA,"(3 week) 7. Written retell information units","NO - Not standardized",4.06,2.08,16,3.35,1.61,16,NA,NA,NA,NA,NA,NA
301,NA,NA,NA,NA,NA,NA,NA,NA,NA,NA,NA,NA,NA,NA,NA,NA,NA,NA,NA,NA,NA,NA,NA,NA,NA,NA,NA,NA,NA,NA,NA,"(3 week) 8. Written retell main ideas","NO - Not standardized",2.07,1.12,16,2.59,1.36,16,NA,NA,NA,NA,NA,NA
302,"Cirino et al., 2017","150","USA","USA","English","English","School Environment","peer reviewed paper","RCT","150","150bau",NA,NA,"ctl","Control","4","Elementary",10.02,1,NA,NA,0,0.4815,0.9259,NA,NA,NA,NA,NA,NA,NA,"Posttest Unrelated","NO - Not standardized",NA,NA,NA,0.49,0.23,27,NA,NA,NA,NA,NA,NA
303,NA,NA,NA,NA,NA,NA,NA,NA,NA,"150","150cm",NA,"cm","1","TB","4","Elementary",10.22,1,NA,NA,0,0.625,1,"No / Not reported","small group (3–7 students)","Research Staff",533.96,15,35.5973333333333,"Reported","Posttest Unrelated","NO - Not standardized",NA,NA,NA,0.47,0.23,24,NA,NA,NA,NA,NA,NA
304,NA,NA,NA,NA,NA,NA,NA,NA,NA,"150","150Gcm","G","cm","2","TB + EF","4","Elementary",10.32,1,NA,NA,0,0.7917,0.9167,"No / Not reported","small group (3–7 students)","Research Staff",550.13,14.73,37.3475899524779,"Reported","Posttest Unrelated","NO - Not standardized",NA,NA,NA,0.5,0.27,24,NA,NA,NA,NA,NA,NA
305,"Nelson, 2005","151","USA","USA","English","English","School Environment","disseration","RCT","151","151NVGm","NVG","m","1","Guided Reading","4,5,6,7,8","Secondary",11.5,1,"0.05",NA,0,0.75,NA,"No / Not reported","small group (3–7 students)","Research Staff",1200,20,60,"Reported","Retell Quality","NO - Not standardized",1.5,1.1,9,2.9,1.4,9,NA,NA,NA,NA,NA,NA
306,NA,NA,NA,NA,NA,NA,NA,NA,NA,NA,NA,NA,NA,NA,NA,NA,NA,NA,NA,NA,NA,NA,NA,NA,NA,NA,NA,NA,NA,NA,NA,"Retell Main Idea","NO - Not standardized",0.5,0.4,9,0.9,0.5,9,NA,NA,NA,NA,NA,NA
307,NA,NA,NA,NA,NA,NA,NA,NA,NA,NA,NA,NA,NA,NA,NA,NA,NA,NA,NA,NA,NA,NA,NA,NA,NA,NA,NA,NA,NA,NA,NA,"Multiple Choice","NO - Not standardized",5.2,1.8,9,6.2,2.2,9,NA,NA,NA,NA,NA,NA
308,NA,NA,NA,NA,NA,NA,NA,NA,NA,NA,NA,NA,NA,NA,NA,NA,NA,NA,NA,NA,NA,NA,NA,NA,NA,NA,NA,NA,NA,NA,NA,"WJ Passage Comprehension","YES - standardized",79.2,7.5,9,78.7,8.7,9,NA,NA,NA,NA,NA,NA
309,NA,NA,NA,NA,NA,NA,NA,NA,NA,"151","151Nm","N","m","ctl","Explicit Comp. Proc","4,5,6,7,8","Secondary",11.75,1,"0.05",NA,0,0.75,NA,"No / Not reported","small group (3–7 students)","Research Staff",1200,20,60,"Reported","Retell Quality","NO - Not standardized",1.6,1.2,9,4.2,1.3,9,NA,NA,NA,NA,NA,NA
310,NA,NA,NA,NA,NA,NA,NA,NA,NA,NA,NA,NA,NA,NA,NA,NA,NA,NA,NA,NA,NA,NA,NA,NA,NA,NA,NA,NA,NA,NA,NA,"Retell Main Idea","NO - Not standardized",0.6,0.6,9,1.4,0.4,9,NA,NA,NA,NA,NA,NA
311,NA,NA,NA,NA,NA,NA,NA,NA,NA,NA,NA,NA,NA,NA,NA,NA,NA,NA,NA,NA,NA,NA,NA,NA,NA,NA,NA,NA,NA,NA,NA,"Multiple Choice","NO - Not standardized",5.8,1.9,9,7.4,2.7,9,NA,NA,NA,NA,NA,NA
312,NA,NA,NA,NA,NA,NA,NA,NA,NA,NA,NA,NA,NA,NA,NA,NA,NA,NA,NA,NA,NA,NA,NA,NA,NA,NA,NA,NA,NA,NA,NA,"WJ Passage Comprehension","YES - standardized",70.3,17.4,9,75.6,14.5,9,NA,NA,NA,NA,NA,NA
313,"Young et al., 2019","152","USA","USA","English","English","School Environment","peer reviewed paper","QED","152","152Nm","N","m","1","Treatment","2","Elementary",7.5,0.4,"0.05",NA,0.21,0.47,NA,"No / Not reported","classroom/ large group","School Staff",2025,90,22.5,"Reported","GMRT-4 Comprehension","YES - standardized",19.74,10.05,38,28.37,6.9,38,NA,NA,NA,NA,NA,NA
314,NA,NA,NA,NA,NA,NA,NA,NA,NA,"152","152m",NA,"m","ctl","Control","2","Elementary",7.5,0.45,"0.03",NA,0.18,0.53,NA,NA,NA,NA,NA,NA,NA,NA,"GMRT-4 Comprehension","YES - standardized",23.16,8,38,26.5,7.28,38,NA,NA,NA,NA,NA,NA
315,"Young et al., 2020","153","USA","USA","English","English","School Environment","peer reviewed paper","QED","153","153Nm","N","m","1","Treatment (n = 23)","2","Elementary",7.5,0.6,"0.05",NA,0.12,1,NA,"No / Not reported","classroom/ large group","School Staff",2250,90,25,"Reported","GMRT-4 Comprehension","YES - standardized",17.78,8.27,23,28.09,7.35,23,NA,NA,NA,NA,NA,NA
316,NA,NA,NA,NA,NA,NA,NA,NA,NA,"153","153m",NA,"m","ctl","Comparison (n = 23)","2","Elementary",7.5,0.6,"0.14000000000000001",NA,0.12,1,NA,NA,NA,NA,NA,NA,NA,NA,"GMRT-4 Comprehension","YES - standardized",18.61,7.02,23,22.61,6.45,23,NA,NA,NA,NA,NA,NA
NA,NA,NA,NA,NA,NA,NA,NA,NA,NA,NA,NA,NA,NA,NA,NA,NA,NA,NA,NA,NA,NA,NA,NA,NA,NA,NA,NA,NA,NA,NA,NA,NA,NA,NA,NA,NA,NA,NA,NA,NA,NA,NA,NA,NA,NA
